date,close
2002/1/4,-2.100888838
2002/1/7,-0.907911803
2002/1/8,-0.832936697
2002/1/9,-1.396309348
2002/1/10,0.966471323
2002/1/11,-2.591281622
2002/1/14,-3.287335812
2002/1/15,-1.714351126
2002/1/16,1.368136197
2002/1/17,-4.061853719
2002/1/18,-0.2874211
2002/1/21,-3.424376872
2002/1/22,-0.605719218
2002/1/23,6.350234417
2002/1/24,0.791019883
2002/1/25,-0.33781928
2002/1/28,-6.333535426
2002/1/29,2.444191093
2002/1/30,0.274989589
2002/1/31,6.806481409
2002/2/1,-0.395529842
2002/2/4,1.720320103
2002/2/5,0.459859859
2002/2/6,-2.13926285
2002/2/7,1.99151972
2002/2/8,-0.578728908
2002/2/25,1.570402623
2002/2/26,0.075149646
2002/2/27,0.449906297
2002/2/28,-0.885381455
2002/3/1,-1.453400669
2002/3/4,1.614599279
2002/3/5,2.179722295
2002/3/6,0.585226399
2002/3/7,2.79057615
2002/3/8,1.690018599
2002/3/11,1.452818456
2002/3/12,-1.225895234
2002/3/13,-1.23259252
2002/3/14,2.569867503
2002/3/15,-2.652613879
2002/3/18,0.17890412
2002/3/19,2.554375939
2002/3/20,1.029807369
2002/3/21,0.149181877
2002/3/22,-0.909781486
2002/3/25,0.3353916
2002/3/26,-1.540628787
2002/3/27,0.287969542
2002/3/28,-0.215205866
2002/3/29,-2.83278911
2002/4/1,0.286799135
2002/4/2,-1.593400103
2002/4/3,0.734736683
2002/4/4,2.959529887
2002/4/5,-0.43004203
2002/4/8,0.367665052
2002/4/9,1.63776552
2002/4/10,0.608088659
2002/4/11,-1.676740221
2002/4/12,0.57289046
2002/4/15,-0.57143546
2002/4/16,-0.558351015
2002/4/17,0.250565449
2002/4/18,-0.988810508
2002/4/19,0.431781051
2002/4/22,-0.470287493
2002/4/23,-0.180032934
2002/4/24,-0.830999354
2002/4/25,0.302287328
2002/4/26,1.526684489
2002/4/29,1.537251842
2002/4/30,0.11645986
2002/5/8,-0.92220057
2002/5/9,-0.108329248
2002/5/10,-0.75003938
2002/5/13,-0.870467586
2002/5/14,-0.474771235
2002/5/15,-1.106278191
2002/5/16,-3.056276785
2002/5/17,1.161665053
2002/5/20,-1.656778309
2002/5/21,3.021673273
2002/5/22,-1.487302517
2002/5/23,0.455100384
2002/5/24,-1.408746445
2002/5/27,0.360123139
2002/5/28,0.22314395
2002/5/29,-2.162949465
2002/5/30,-0.084600704
2002/5/31,-0.5113159
2002/6/3,-2.136264374
2002/6/4,0.482691206
2002/6/5,-1.912768113
2002/6/6,4.053351573
2002/6/7,0.542313608
2002/6/10,-0.802871508
2002/6/11,0.904938605
2002/6/12,-0.399749177
2002/6/13,-0.861073949
2002/6/14,-1.154983429
2002/6/17,0.133177179
2002/6/18,1.859995723
2002/6/19,-1.07606606
2002/6/20,0.562457302
2002/6/21,3.071595818
2002/6/24,9.252457254
2002/6/25,-0.042171603
2002/6/26,0.370329136
2002/6/27,0.621165152
2002/6/28,0.534362218
2002/7/1,-1.09940211
2002/7/2,0.655886935
2002/7/3,0.346096988
2002/7/4,-1.027199408
2002/7/5,0.528269727
2002/7/8,0.623624571
2002/7/9,-0.169654862
2002/7/10,-1.628333112
2002/7/11,-0.28675183
2002/7/12,0.08014426
2002/7/15,-0.609432962
2002/7/16,0.217423502
2002/7/17,0.597060806
2002/7/18,0.187457396
2002/7/19,0.524954396
2002/7/22,-1.916725987
2002/7/23,-0.425339528
2002/7/24,-0.087223543
2002/7/25,-0.435900502
2002/7/26,-0.457026863
2002/7/29,0.492911011
2002/7/30,0.199919552
2002/7/31,-1.043139605
2002/8/1,0.085977755
2002/8/2,0.535991918
2002/8/5,-0.475969841
2002/8/6,1.007279499
2002/8/7,-0.152637943
2002/8/8,-0.495782551
2002/8/9,-0.768164839
2002/8/12,-0.757718345
2002/8/13,0.126027029
2002/8/14,0.616510757
2002/8/15,-0.749975709
2002/8/16,0.759925843
2002/8/19,-0.15120325
2002/8/20,1.645076932
2002/8/21,0.131630119
2002/8/22,0.750500433
2002/8/23,-0.171993524
2002/8/26,-0.743816874
2002/8/27,0.538699579
2002/8/28,-0.173841602
2002/8/29,-0.563583556
2002/8/30,-0.041983542
2002/9/2,0.129003612
2002/9/3,0.31759919
2002/9/4,-0.603320052
2002/9/5,-1.331754779
2002/9/6,-0.635274484
2002/9/9,-0.60071841
2002/9/10,0.217688921
2002/9/11,-0.292287907
2002/9/12,0.259201659
2002/9/13,0.073866155
2002/9/16,-1.333530164
2002/9/17,0.049872824
2002/9/18,-0.641792533
2002/9/19,1.553387099
2002/9/20,-0.891715812
2002/9/23,-0.144556393
2002/9/24,-0.365658091
2002/9/25,0.069517076
2002/9/26,-0.637735944
2002/9/27,-0.379806632
2002/10/8,-1.177906197
2002/10/9,-1.767125829
2002/10/10,-0.323049167
2002/10/11,-0.415574911
2002/10/14,0.500639743
2002/10/15,-0.453750131
2002/10/16,0.83031094
2002/10/17,-1.579950435
2002/10/18,0.425616284
2002/10/21,0.35471261
2002/10/22,1.519414006
2002/10/23,0.05619792
2002/10/24,-0.803759918
2002/10/25,-1.054981387
2002/10/28,-1.157000875
2002/10/29,0.543015332
2002/10/30,-0.077438314
2002/10/31,-0.14638573
2002/11/1,0.216252073
2002/11/4,1.395324208
2002/11/5,1.723417589
2002/11/6,-0.36451381
2002/11/7,0.108208378
2002/11/8,-2.062101091
2002/11/11,-1.168710871
2002/11/12,-1.22906142
2002/11/13,0.306209663
2002/11/14,-1.989989668
2002/11/15,0.197836802
2002/11/18,-0.847173923
2002/11/19,0.749677873
2002/11/20,-2.484663206
2002/11/21,-2.469421534
2002/11/22,0.350200988
2002/11/25,0.210677177
2002/11/26,-1.950030033
2002/11/27,0.552812562
2002/11/28,2.812692656
2002/11/29,1.174578316
2002/12/2,-2.684460807
2002/12/3,0.942909549
2002/12/4,0.398199938
2002/12/5,-0.676588073
2002/12/6,0.046267297
2002/12/9,-0.33154753
2002/12/10,-1.215673117
2002/12/11,-0.335298878
2002/12/12,0.34150232
2002/12/13,0.938644854
2002/12/16,0.831841936
2002/12/17,0.538153523
2002/12/18,-0.309300191
2002/12/19,0.133170884
2002/12/20,1.014431239
2002/12/23,0.158269955
2002/12/24,0.044049783
2002/12/25,-0.650671289
2002/12/26,-2.628876133
2002/12/27,-0.085250876
2002/12/30,-1.201038345
2002/12/31,-0.637460113
2003/1/2,-2.726770523
2003/1/3,-0.057699734
2003/1/6,1.12215767
2003/1/7,-0.196152034
2003/1/8,3.003315914
2003/1/9,1.845172284
2003/1/10,-0.896317691
2003/1/13,0.105064848
2003/1/14,5.809434226
2003/1/15,-0.472508796
2003/1/16,1.760233437
2003/1/17,-0.467347595
2003/1/20,0.270918221
2003/1/21,-1.87430742
2003/1/22,0.387589173
2003/1/23,-0.678794684
2003/1/24,1.961511523
2003/1/27,1.155252963
2003/1/28,0.299567492
2003/1/29,-0.054909942
2003/2/10,-1.309894887
2003/2/11,0.850916348
2003/2/12,1.199586807
2003/2/13,-0.419217685
2003/2/14,0.439528882
2003/2/17,-0.954829743
2003/2/18,-0.003675186
2003/2/19,0.957922254
2003/2/20,-0.087172186
2003/2/21,-2.028173829
2003/2/24,0.207252695
2003/2/25,1.979775105
2003/2/26,0.125721659
2003/2/27,0.034959605
2003/2/28,-0.117063838
2003/3/3,0.896270467
2003/3/4,-0.077286997
2003/3/5,-0.467426445
2003/3/6,-1.24151468
2003/3/7,-0.350387061
2003/3/10,-1.61905521
2003/3/11,0.042820605
2003/3/12,0.371542815
2003/3/13,-0.702301276
2003/3/14,0.095244663
2003/3/17,0.220320809
2003/3/18,-0.638546656
2003/3/19,0.689640056
2003/3/20,-0.368717516
2003/3/21,0.69079711
2003/3/24,0.210828688
2003/3/25,-1.039812799
2003/3/26,-0.41910558
2003/3/27,2.957965928
2003/3/28,-0.493948366
2003/3/31,1.249178084
2003/4/1,0.792279512
2003/4/2,-0.080523019
2003/4/3,-0.630439355
2003/4/4,0.62173842
2003/4/7,-0.39418116
2003/4/8,0.357658607
2003/4/9,1.520698747
2003/4/10,0.486242562
2003/4/11,1.655513867
2003/4/14,2.486714103
2003/4/15,0.952804083
2003/4/16,-1.546458102
2003/4/17,0.458461998
2003/4/18,-0.652390549
2003/4/21,-1.95642505
2003/4/22,-0.192274167
2003/4/23,-1.704094876
2003/4/24,-2.488391398
2003/4/25,-1.093582692
2003/4/28,3.39872252
2003/4/29,-1.845494316
2003/4/30,0.80374316
2003/5/12,0.685072865
2003/5/13,-3.039428358
2003/5/14,2.532607737
2003/5/15,2.124925472
2003/5/16,-0.053559315
2003/5/19,0.064009696
2003/5/20,-1.281110832
2003/5/21,-0.132658643
2003/5/22,0.82361526
2003/5/23,0.959955708
2003/5/26,0.54819005
2003/5/27,-0.074609178
2003/5/28,-1.05397997
2003/5/29,1.053285484
2003/5/30,0.516849089
2003/6/2,0.016938819
2003/6/3,-0.906485644
2003/6/4,0.760063934
2003/6/5,-1.134735733
2003/6/6,-1.113510756
2003/6/9,-0.565656434
2003/6/10,0.558548962
2003/6/11,1.759726325
2003/6/12,-0.238466255
2003/6/13,0.298315223
2003/6/16,-0.450673553
2003/6/17,-0.162210162
2003/6/18,-0.211793793
2003/6/19,-0.973243056
2003/6/20,-0.603345304
2003/6/23,-1.183743388
2003/6/24,0.070399936
2003/6/25,-0.684461882
2003/6/26,0.885307478
2003/6/27,-1.209007671
2003/6/30,-0.73678037
2003/7/1,-0.089096811
2003/7/2,1.009092746
2003/7/3,0.317000537
2003/7/4,-0.138723083
2003/7/7,-0.057576502
2003/7/8,0.701639178
2003/7/9,-0.575720279
2003/7/10,1.903328247
2003/7/11,-0.200597026
2003/7/14,-0.486639012
2003/7/15,0.264556524
2003/7/16,0.265628452
2003/7/17,0.645116578
2003/7/18,-2.091521271
2003/7/21,-0.748227463
2003/7/22,0.173810153
2003/7/23,0.244446891
2003/7/24,-0.578970914
2003/7/25,-1.057952353
2003/7/28,-0.491184996
2003/7/29,0.469466326
2003/7/30,0.159480564
2003/7/31,-0.196667865
2003/8/1,0.015371676
2003/8/4,1.177817544
2003/8/5,-0.003546657
2003/8/6,-0.539378657
2003/8/7,0.075222775
2003/8/8,-1.082313076
2003/8/11,0.213488736
2003/8/12,0.33030094
2003/8/13,-0.909629868
2003/8/14,-0.677296843
2003/8/15,-0.391235931
2003/8/18,-0.352640286
2003/8/19,0.319911092
2003/8/20,-0.555144746
2003/8/21,-0.039815103
2003/8/22,-0.153147964
2003/8/25,-1.161108999
2003/8/26,0.213475688
2003/8/27,0.01052475
2003/8/28,-0.67835399
2003/8/29,0.444305368
2003/9/1,1.957337043
2003/9/2,-0.227890988
2003/9/3,0.092498368
2003/9/4,-0.02935387
2003/9/5,-1.097949807
2003/9/8,-0.405579194
2003/9/9,-0.39649947
2003/9/10,0.21850974
2003/9/11,0.055017753
2003/9/12,-1.039214585
2003/9/15,-0.824745487
2003/9/16,0.612791047
2003/9/17,-1.157951332
2003/9/18,0.047703951
2003/9/19,0.063646857
2003/9/22,-0.713469458
2003/9/23,0.632020286
2003/9/24,0.291690105
2003/9/25,-1.286589219
2003/9/26,-0.395846518
2003/9/29,-1.131274697
2003/9/30,0.872551805
2003/10/8,0.3309047
2003/10/9,-0.183059522
2003/10/10,2.544161662
2003/10/13,-0.309827294
2003/10/14,-0.820629039
2003/10/15,-0.365516665
2003/10/16,-1.271999526
2003/10/17,0.371803838
2003/10/20,-0.808707542
2003/10/21,0.353292171
2003/10/22,2.470789071
2003/10/23,-0.81236901
2003/10/24,-0.347815928
2003/10/27,-0.894972609
2003/10/28,-0.010076943
2003/10/29,-0.57239881
2003/10/30,-1.237911196
2003/10/31,0.272936928
2003/11/3,1.16828339
2003/11/4,1.868692978
2003/11/5,-0.319169224
2003/11/6,-2.044602956
2003/11/7,-1.590887315
2003/11/10,0.366385686
2003/11/11,0.262592932
2003/11/12,-1.921977708
2003/11/13,0.13780627
2003/11/14,0.867151457
2003/11/17,-0.221479117
2003/11/18,-0.868983806
2003/11/19,1.694413176
2003/11/20,2.81102721
2003/11/21,-1.085865227
2003/11/24,3.117676134
2003/11/25,0.3138871
2003/11/26,0.248080289
2003/11/27,-1.615259907
2003/11/28,0.584693864
2003/12/1,2.539175866
2003/12/2,0.182242935
2003/12/3,0.676646364
2003/12/4,0.538606226
2003/12/5,-0.116395204
2003/12/8,-0.996128502
2003/12/9,0.466567316
2003/12/10,1.805224732
2003/12/11,0.040900436
2003/12/12,0.052312107
2003/12/15,-0.029575902
2003/12/16,-0.27340299
2003/12/17,-0.841689189
2003/12/18,0.227373547
2003/12/19,-0.755917961
2003/12/22,3.227441341
2003/12/23,0.514212341
2003/12/24,0.87862512
2003/12/25,-0.08111902
2003/12/26,0.143990766
2003/12/29,-1.211269
2003/12/30,1.020029711
2003/12/31,-0.968914944
2004/1/2,1.345919024
2004/1/5,3.372016612
2004/1/6,0.393406331
2004/1/7,0.805386774
2004/1/8,1.444174788
2004/1/9,-1.77998492
2004/1/12,2.342889446
2004/1/13,-0.36051499
2004/1/14,-1.256291534
2004/1/15,-0.372388492
2004/1/16,0.878163345
2004/1/29,1.775278442
2004/1/30,-2.339583396
2004/2/2,2.084013053
2004/2/3,1.564278149
2004/2/4,2.175310226
2004/2/5,0.490695537
2004/2/6,-0.840602612
2004/2/9,1.449267595
2004/2/10,-0.734944929
2004/2/11,-0.783555853
2004/2/12,-0.830095383
2004/2/13,-0.31812106
2004/2/16,2.308537816
2004/2/17,0.409411213
2004/2/18,0.781911216
2004/2/19,-0.004717267
2004/2/20,0.275885767
2004/2/23,-2.328906834
2004/2/24,0.038236165
2004/2/25,-2.075495587
2004/2/26,0.45630003
2004/2/27,1.218745808
2004/3/1,0.877158943
2004/3/2,-0.146884765
2004/3/3,-1.509294852
2004/3/4,0.424957817
2004/3/5,-0.406142105
2004/3/8,-1.501236992
2004/3/9,-0.002748689
2004/3/10,2.502841917
2004/3/11,0.808665654
2004/3/12,0.183253795
2004/3/15,2.447391728
2004/3/16,0.536971121
2004/3/17,-0.0254935
2004/3/18,-1.595211272
2004/3/19,1.782607177
2004/3/22,0.447000696
2004/3/23,-0.79683998
2004/3/24,-0.094218563
2004/3/25,-0.205568333
2004/3/26,-0.139938508
2004/3/29,-0.828870267
2004/3/30,0.267667011
2004/3/31,1.005986857
2004/4/1,0.948770199
2004/4/2,0.59710593
2004/4/5,-0.122240472
2004/4/6,0.624574366
2004/4/7,-0.166749554
2004/4/8,-0.240793169
2004/4/9,-2.425097965
2004/4/12,-0.252525837
2004/4/13,-0.455604398
2004/4/14,-1.04831337
2004/4/15,-1.065311615
2004/4/16,0.880543823
2004/4/19,-1.061244104
2004/4/20,-0.385646987
2004/4/21,-1.06893284
2004/4/22,0.375883171
2004/4/23,-1.344203259
2004/4/26,-0.000122287
2004/4/27,-1.445369273
2004/4/28,-0.313861005
2004/4/29,-1.702388784
2004/4/30,1.021876644
2004/5/10,-2.216864389
2004/5/11,0.502751223
2004/5/12,2.277274006
2004/5/13,-0.386464875
2004/5/14,-2.183441101
2004/5/17,-1.454480997
2004/5/18,1.005416378
2004/5/19,0.182906209
2004/5/20,-0.592060384
2004/5/21,0.598362492
2004/5/24,-0.512214999
2004/5/25,-2.083596715
2004/5/26,0.421002012
2004/5/27,2.147810731
2004/5/28,-0.543033616
2004/5/31,0.463866336
2004/6/1,1.526570371
2004/6/2,-0.797071265
2004/6/3,-1.502169339
2004/6/4,-0.093357615
2004/6/7,-1.617354674
2004/6/8,-1.537822687
2004/6/9,-1.723306918
2004/6/10,0.018595831
2004/6/11,0.253891459
2004/6/14,-2.264563146
2004/6/15,1.740486093
2004/6/16,0.795134778
2004/6/17,-2.027563752
2004/6/18,-1.259079032
2004/6/21,0.432004181
2004/6/22,1.201004278
2004/6/23,-0.686159554
2004/6/24,-0.900585745
2004/6/25,-1.86593769
2004/6/28,-1.137096009
2004/6/29,1.697106732
2004/6/30,-0.676302576
2004/7/1,2.995078483
2004/7/2,0.008465943
2004/7/5,0.235916153
2004/7/6,0.409181844
2004/7/7,-0.834401355
2004/7/8,0.096287676
2004/7/9,-0.634053882
2004/7/12,-2.342005824
2004/7/13,0.165551538
2004/7/14,0.306832416
2004/7/15,1.267243928
2004/7/16,2.432988356
2004/7/19,0.096625988
2004/7/20,-0.658370937
2004/7/21,0.006630104
2004/7/22,-2.8037267
2004/7/23,-0.002984146
2004/7/26,-1.401595571
2004/7/27,-0.255248006
2004/7/28,0.338263513
2004/7/29,1.333587748
2004/7/30,-1.50135256
2004/8/2,-0.936732165
2004/8/3,-0.506766228
2004/8/4,2.799398064
2004/8/5,-1.101170875
2004/8/6,0.102372936
2004/8/9,0.387425465
2004/8/10,0.352545549
2004/8/11,-1.128308808
2004/8/12,-1.21071739
2004/8/13,0.018564592
2004/8/16,-1.018597684
2004/8/17,0.420003972
2004/8/18,-0.145860903
2004/8/19,-1.411115758
2004/8/20,0.20073933
2004/8/23,-1.216705497
2004/8/24,1.449585903
2004/8/25,-0.360100132
2004/8/26,-0.400213766
2004/8/27,-1.034755122
2004/8/30,-0.091396881
2004/8/31,1.717059255
2004/9/1,-1.53495144
2004/9/2,0.489230867
2004/9/3,-0.061072634
2004/9/6,-0.425810555
2004/9/7,0.214080585
2004/9/8,-1.129734032
2004/9/9,-1.911354865
2004/9/10,0.215991971
2004/9/13,-2.079511701
2004/9/14,3.177060356
2004/9/15,4.219533559
2004/9/16,1.178770183
2004/9/17,3.172474349
2004/9/20,3.429626875
2004/9/21,-1.001830892
2004/9/22,-1.961531505
2004/9/23,3.14270062
2004/9/24,-1.994567099
2004/9/27,-0.5687664
2004/9/28,0.573841353
2004/9/29,-1.085268834
2004/9/30,-1.64146847
2004/10/8,1.877926541
2004/10/11,-0.686963299
2004/10/12,-2.031979529
2004/10/13,0.164832109
2004/10/14,-3.878429763
2004/10/15,-0.181553831
2004/10/18,0.366473809
2004/10/19,0.166542608
2004/10/20,-0.525860148
2004/10/21,-1.506030435
2004/10/22,1.435280742
2004/10/25,-1.369385905
2004/10/26,1.039697182
2004/10/27,1.359920832
2004/10/28,-0.079088531
2004/10/29,-1.580115924
2004/11/1,-1.154455464
2004/11/2,-0.288288205
2004/11/3,1.937799264
2004/11/4,-1.6561535
2004/11/5,0.026977811
2004/11/8,-0.068882133
2004/11/9,0.245355685
2004/11/10,3.591552581
2004/11/11,-0.54017097
2004/11/12,0.382088533
2004/11/15,1.318501394
2004/11/16,0.025035656
2004/11/17,-1.0399237
2004/11/18,0.862006669
2004/11/19,0.886953623
2004/11/22,0.221745558
2004/11/23,-0.851469972
2004/11/24,-0.883796028
2004/11/25,-0.058272786
2004/11/26,-0.118233158
2004/11/29,-1.422025212
2004/11/30,0.249507639
2004/12/1,-0.434600689
2004/12/2,-0.13888223
2004/12/3,0.308081225
2004/12/6,0.182994727
2004/12/7,-1.186285312
2004/12/8,0.202908098
2004/12/9,0.93272358
2004/12/10,-1.575503619
2004/12/13,-0.608780186
2004/12/14,-0.163549529
2004/12/15,0.420021215
2004/12/16,-0.611327106
2004/12/17,-1.11324135
2004/12/20,-1.164751374
2004/12/21,-0.02265851
2004/12/22,2.540837692
2004/12/23,-1.900548345
2004/12/24,0.180631923
2004/12/27,-0.370728913
2004/12/28,-0.103806066
2004/12/29,-0.362017697
2004/12/30,-0.047398088
2004/12/31,-0.566298896
2005/1/4,-1.873041841
2005/1/5,0.737302197
2005/1/6,-0.999011931
2005/1/7,0.428906836
2005/1/10,0.614984905
2005/1/11,0.404103797
2005/1/12,-0.042864118
2005/1/13,-0.048451655
2005/1/14,-0.851220316
2005/1/17,-2.325588863
2005/1/18,0.723460776
2005/1/19,-0.599451305
2005/1/20,-1.125844342
2005/1/21,2.497687634
2005/1/24,1.725509447
2005/1/25,-0.122872134
2005/1/26,-0.978764728
2005/1/27,-1.293683039
2005/1/28,-0.996662835
2005/1/31,-1.800320185
2005/2/1,-0.242737386
2005/2/2,5.346824456
2005/2/3,-0.813812375
2005/2/4,2.148985718
2005/2/16,0.778248138
2005/2/17,-0.214719129
2005/2/18,-1.345078181
2005/2/21,2.026340601
2005/2/22,1.930508844
2005/2/23,0.01512285
2005/2/24,0.036197713
2005/2/25,0.190541769
2005/2/28,-0.490839616
2005/3/1,-0.198391581
2005/3/2,-1.224631966
2005/3/3,0.535088741
2005/3/4,-0.51184427
2005/3/7,0.467883396
2005/3/8,1.896209359
2005/3/9,-0.112268267
2005/3/10,-2.32064162
2005/3/11,0.288283694
2005/3/14,0.275904092
2005/3/15,-1.882953228
2005/3/16,-1.068042712
2005/3/17,-0.964806159
2005/3/18,-1.292506886
2005/3/21,0.296805532
2005/3/22,-1.959634327
2005/3/23,-0.436896502
2005/3/24,0.544501764
2005/3/25,-0.211721316
2005/3/28,-0.457933336
2005/3/29,-0.424543356
2005/3/30,-1.878130706
2005/3/31,0.738716704
2005/4/1,3.583534535
2005/4/4,-1.683521772
2005/4/5,-0.93286017
2005/4/6,1.940264067
2005/4/7,0.874086732
2005/4/8,1.879579302
2005/4/11,-0.604635405
2005/4/12,-1.729370203
2005/4/13,2.352746306
2005/4/14,-1.111277573
2005/4/15,-1.407238895
2005/4/18,-1.579917861
2005/4/19,0.180924829
2005/4/20,-1.309190251
2005/4/21,-0.982694544
2005/4/22,-0.287321032
2005/4/25,-0.959299068
2005/4/26,0.635939933
2005/4/27,-1.422595219
2005/4/28,1.772437513
2005/4/29,-0.852950686
2005/5/9,-2.442401561
2005/5/10,0.417921271
2005/5/11,-0.994222239
2005/5/12,-1.803657659
2005/5/13,0.329168754
2005/5/16,-1.097752222
2005/5/17,0.380841795
2005/5/18,0.302371685
2005/5/19,0.046239001
2005/5/20,-0.381159519
2005/5/23,-2.585809297
2005/5/24,0.280433004
2005/5/25,-0.159240562
2005/5/26,-1.237714956
2005/5/27,-0.653623165
2005/5/30,0.781028684
2005/5/31,0.054331319
2005/6/1,-2.031698685
2005/6/2,-2.225201047
2005/6/3,-0.238764722
2005/6/6,2.046196025
2005/6/7,-0.332276982
2005/6/8,8.210072157
2005/6/9,1.386720116
2005/6/10,-2.012816387
2005/6/13,-0.180007688
2005/6/14,-1.159459853
2005/6/15,-1.886481859
2005/6/16,1.227960285
2005/6/17,-0.036832073
2005/6/20,2.76434447
2005/6/21,-1.266918843
2005/6/22,0.049660186
2005/6/23,-0.755966473
2005/6/24,0.747918537
2005/6/27,2.065375421
2005/6/28,-1.427301181
2005/6/29,-0.324376594
2005/6/30,-2.176848339
2005/7/1,-2.344630312
2005/7/4,-0.787802886
2005/7/5,-0.786324166
2005/7/6,-0.529140757
2005/7/7,0.4888031
2005/7/8,-1.984792947
2005/7/11,-0.636945804
2005/7/12,3.426795281
2005/7/13,-0.838016328
2005/7/14,0.291306871
2005/7/15,-1.374546335
2005/7/18,-1.36612368
2005/7/19,0.223101145
2005/7/20,0.660222506
2005/7/21,-0.041134046
2005/7/22,2.516969877
2005/7/25,-0.0880227
2005/7/26,2.621675914
2005/7/27,1.594135758
2005/7/28,-0.308374369
2005/7/29,-0.323501585
2005/8/1,0.54615141
2005/8/2,1.385741101
2005/8/3,0.331600905
2005/8/4,-0.461316657
2005/8/5,2.372053412
2005/8/8,0.898255847
2005/8/9,1.198719446
2005/8/10,1.084479937
2005/8/11,1.591886238
2005/8/12,-1.323443556
2005/8/15,1.634622383
2005/8/16,-0.819540929
2005/8/17,1.321353155
2005/8/18,-3.755677655
2005/8/19,0.187189415
2005/8/22,0.731448186
2005/8/23,-0.745729533
2005/8/24,1.493968905
2005/8/25,0.457358476
2005/8/26,-0.052453144
2005/8/29,-1.487549707
2005/8/30,-0.696708673
2005/8/31,1.431717966
2005/9/1,1.903598045
2005/9/2,0.330398428
2005/9/5,0.620432553
2005/9/6,-1.91452437
2005/9/7,1.78868205
2005/9/8,0.008540503
2005/9/9,-0.400699592
2005/9/12,-0.118776926
2005/9/13,1.595001565
2005/9/14,0.83642322
2005/9/15,0.001643033
2005/9/16,-0.356039403
2005/9/19,0.633168638
2005/9/20,-0.656220123
2005/9/21,-2.031061745
2005/9/22,-2.35928309
2005/9/23,-0.687954757
2005/9/26,0.265803226
2005/9/27,-1.88781014
2005/9/28,-0.129099209
2005/9/29,2.095029573
2005/9/30,0.010817968
2005/10/10,-1.441662845
2005/10/11,1.601650643
2005/10/12,0.402785363
2005/10/13,-0.795797747
2005/10/14,-1.133083523
2005/10/17,-0.717127069
2005/10/18,0.868500718
2005/10/19,-0.577724695
2005/10/20,0.1181906
2005/10/21,0.472644459
2005/10/24,-0.012879846
2005/10/25,-1.687126644
2005/10/26,-2.20666751
2005/10/27,0.056600627
2005/10/28,-1.540834155
2005/10/31,1.105593935
2005/11/1,-0.262349506
2005/11/2,1.36171384
2005/11/3,-0.861610149
2005/11/4,0.435690463
2005/11/7,0.05499775
2005/11/8,0.862853768
2005/11/9,-0.179615853
2005/11/10,-1.791449376
2005/11/11,0.174032735
2005/11/14,-0.141442586
2005/11/15,-0.105175846
2005/11/16,0.770752951
2005/11/17,-0.05292502
2005/11/18,1.980169998
2005/11/21,0.262936672
2005/11/22,-1.900197868
2005/11/23,0.645425543
2005/11/24,0.689851015
2005/11/25,0.138497935
2005/11/28,-0.367112859
2005/11/29,-1.245652998
2005/11/30,0.207386421
2005/12/1,-0.046758686
2005/12/2,-0.405916922
2005/12/5,-1.378980103
2005/12/6,0.796610813
2005/12/7,1.086694723
2005/12/8,-0.117495669
2005/12/9,1.37973984
2005/12/12,0.259547346
2005/12/13,0.132483314
2005/12/14,0.674600974
2005/12/15,-0.162788445
2005/12/16,0.351829683
2005/12/19,0.37631662
2005/12/20,0.405654601
2005/12/21,-0.491313355
2005/12/22,0.396105625
2005/12/23,0.848544534
2005/12/26,1.043960411
2005/12/27,-0.219134647
2005/12/28,0.237895569
2005/12/29,1.108696892
2005/12/30,-0.752652877
2006/1/4,1.714472244
2006/1/5,1.380737584
2006/1/6,1.015060108
2006/1/9,0.516445046
2006/1/10,0.40718354
2006/1/11,-0.783619445
2006/1/12,1.292346413
2006/1/13,-0.427568509
2006/1/16,-1.521950389
2006/1/17,0.462976434
2006/1/18,2.06150419
2006/1/19,1.477763814
2006/1/20,0.29818405
2006/1/23,0.037122364
2006/1/24,-0.295594589
2006/1/25,0.477931604
2006/2/6,2.351265375
2006/2/7,-0.429472533
2006/2/8,0.620780347
2006/2/9,-1.596908659
2006/2/10,1.039974666
2006/2/13,-0.235137091
2006/2/14,0.522568847
2006/2/15,0.998113232
2006/2/16,-2.196255136
2006/2/17,-0.253810502
2006/2/20,0.01057276
2006/2/21,1.647046015
2006/2/22,-0.32543761
2006/2/23,0.359827632
2006/2/24,0.622184014
2006/2/27,0.02467487
2006/2/28,0.142153862
2006/3/1,0.581664781
2006/3/2,-1.601119253
2006/3/3,0.593544513
2006/3/6,-0.335731081
2006/3/7,-2.252910303
2006/3/8,-0.756558374
2006/3/9,-0.417311802
2006/3/10,0.039111251
2006/3/13,1.125594367
2006/3/14,-0.05001294
2006/3/15,1.252378789
2006/3/16,-0.048791508
2006/3/17,-0.371059261
2006/3/20,1.493230991
2006/3/21,0.153443991
2006/3/22,0.489075051
2006/3/23,0.443508397
2006/3/24,-0.595259575
2006/3/27,-0.348573883
2006/3/28,0.666567973
2006/3/29,0.521715965
2006/3/30,-0.83097995
2006/3/31,0.276276378
2006/4/3,1.631062278
2006/4/4,0.782662143
2006/4/5,0.77936649
2006/4/6,-0.031712584
2006/4/7,0.240942812
2006/4/10,1.200031274
2006/4/11,0.231627107
2006/4/12,-0.153938875
2006/4/13,-2.044066311
2006/4/14,2.042136708
2006/4/17,1.403123708
2006/4/18,0.471488031
2006/4/19,0.836609839
2006/4/20,-0.773393322
2006/4/21,2.229093008
2006/4/24,-0.494567661
2006/4/25,-0.710675237
2006/4/26,1.265210567
2006/4/27,-0.052558172
2006/4/28,1.658111767
2006/5/8,3.949457827
2006/5/9,2.27485866
2006/5/10,0.948691875
2006/5/11,-0.537625017
2006/5/12,4.257576378
2006/5/15,3.821735528
2006/5/16,-3.054946613
2006/5/17,0.737331017
2006/5/18,-0.483956518
2006/5/19,2.613274997
2006/5/22,-0.111837883
2006/5/23,-3.205486675
2006/5/24,-0.849333646
2006/5/25,0.031491133
2006/5/26,1.411879291
2006/5/29,2.146609381
2006/5/30,0.530773328
2006/5/31,-0.964708608
2006/6/1,2.613477122
2006/6/2,-0.878520599
2006/6/5,0.912004859
2006/6/6,-0.326363628
2006/6/7,-5.33497784
2006/6/8,0.12236206
2006/6/9,-2.520028401
2006/6/12,0.091144423
2006/6/13,-0.27711267
2006/6/14,-1.108689405
2006/6/15,0.173248431
2006/6/16,2.639343407
2006/6/19,0.750666734
2006/6/20,0.381141862
2006/6/21,0.363240832
2006/6/22,-0.128276045
2006/6/23,0.604298318
2006/6/26,1.727459051
2006/6/27,0.373565382
2006/6/28,-0.016162962
2006/6/29,1.972322096
2006/6/30,0.035474612
2006/7/3,1.49927252
2006/7/4,-0.927070457
2006/7/5,2.200830545
2006/7/6,1.333387643
2006/7/7,-0.647728643
2006/7/10,0.239222282
2006/7/11,0.661754488
2006/7/12,-0.332568453
2006/7/13,-4.840632184
2006/7/14,0.569824487
2006/7/17,1.061669173
2006/7/18,0.081110615
2006/7/19,-2.321030345
2006/7/20,0.605533808
2006/7/21,0.616631282
2006/7/24,0.03698971
2006/7/25,1.171527975
2006/7/26,0.070781822
2006/7/27,-0.680993256
2006/7/28,-0.784219851
2006/7/31,-2.966129994
2006/8/1,-0.751457309
2006/8/2,0.016118814
2006/8/3,0.011618668
2006/8/4,-1.930473474
2006/8/7,-1.446613381
2006/8/8,2.141671772
2006/8/9,-0.127232017
2006/8/10,1.74202409
2006/8/11,-0.008654693
2006/8/14,-2.191134585
2006/8/15,1.586451719
2006/8/16,1.300592797
2006/8/17,-0.809076905
2006/8/18,-0.331434787
2006/8/21,0.195992786
2006/8/22,0.762264622
2006/8/23,-0.05944135
2006/8/24,0.658709151
2006/8/25,0.001047432
2006/8/28,1.688442756
2006/8/29,0.035505726
2006/8/30,0.252631094
2006/8/31,0.208011745
2006/9/1,-1.323194091
2006/9/4,1.272628737
2006/9/5,0.395651335
2006/9/6,0.483330709
2006/9/7,-0.653720634
2006/9/8,0.408983921
2006/9/11,0.418589147
2006/9/12,1.247547711
2006/9/13,-0.381693793
2006/9/14,0.017935478
2006/9/15,1.855545271
2006/9/18,0.693880753
2006/9/19,0.130064449
2006/9/20,-0.160669325
2006/9/21,0.487632276
2006/9/22,-0.892641224
2006/9/25,-0.173586861
2006/9/26,-0.564862521
2006/9/27,0.724146448
2006/9/28,0.691230749
2006/9/29,0.89011683
2006/10/9,1.880880426
2006/10/10,-0.029293402
2006/10/11,0.293692173
2006/10/12,-0.666050688
2006/10/13,0.364136159
2006/10/16,-0.748435553
2006/10/17,-0.417659582
2006/10/18,1.320028732
2006/10/19,0.283574448
2006/10/20,-0.105398066
2006/10/23,-1.729815836
2006/10/24,2.602430155
2006/10/25,0.081155297
2006/10/26,0.221404747
2006/10/27,-0.191699537
2006/10/30,0.137286096
2006/10/31,1.565877714
2006/11/1,0.964095075
2006/11/2,-0.237051742
2006/11/3,0.812828078
2006/11/6,1.068656563
2006/11/7,0.170862961
2006/11/8,-1.202044953
2006/11/9,1.589068452
2006/11/10,-0.69259819
2006/11/13,-1.039744667
2006/11/14,1.313148385
2006/11/15,1.83747926
2006/11/16,0.967895431
2006/11/17,1.557829916
2006/11/20,2.30683444
2006/11/21,1.004967583
2006/11/22,0.186645543
2006/11/23,1.029120364
2006/11/24,-0.560085688
2006/11/27,-0.172370749
2006/11/28,-0.417920975
2006/11/29,0.753904041
2006/11/30,2.200389369
2006/12/1,0.131473084
2006/12/4,2.835281195
2006/12/5,0.538339267
2006/12/6,-0.767547745
2006/12/7,0.006769903
2006/12/8,-2.926254781
2006/12/11,4.148663714
2006/12/12,1.763589569
2006/12/13,0.202978795
2006/12/14,1.15383491
2006/12/15,1.102569461
2006/12/18,2.573806856
2006/12/19,1.36093883
2006/12/20,0.381866502
2006/12/21,-1.275363907
2006/12/22,0.031157461
2006/12/25,3.929481479
2006/12/26,1.805184579
2006/12/27,2.284722704
2006/12/28,1.230372179
2006/12/29,4.201598851
2007/1/4,1.504219439
2007/1/5,-2.739053636
2007/1/8,2.493626327
2007/1/9,3.716202614
2007/1/10,0.632950163
2007/1/11,-1.962997987
2007/1/12,-3.682164246
2007/1/15,4.744594488
2007/1/16,0.941639195
2007/1/17,-1.492972215
2007/1/18,-0.788693368
2007/1/19,2.728489802
2007/1/22,3.565523283
2007/1/23,0.543912941
2007/1/24,0.881103127
2007/1/25,-3.958282145
2007/1/26,0.881686449
2007/1/29,2.175324833
2007/1/30,-0.499140484
2007/1/31,-4.921479225
2007/2/1,-0.032408163
2007/2/2,-4.02881851
2007/2/5,-2.26974142
2007/2/6,2.417573416
2007/2/7,1.512802085
2007/2/8,0.793652839
2007/2/9,-0.268324292
2007/2/12,2.812349609
2007/2/13,0.879817211
2007/2/14,2.585604152
2007/2/15,3.026237026
2007/2/16,0.182625639
2007/2/26,1.404881283
2007/2/27,-8.840626469
2007/2/28,3.942649356
2007/3/1,-2.911519423
2007/3/2,1.227517616
2007/3/5,-1.632335356
2007/3/6,1.969945133
2007/3/7,1.986462102
2007/3/8,1.084756787
2007/3/9,0.337942258
2007/3/12,0.578778792
2007/3/13,0.334358293
2007/3/14,-1.971806473
2007/3/15,1.560866714
2007/3/16,-0.718806599
2007/3/19,2.865092795
2007/3/20,0.58893155
2007/3/21,0.830586423
2007/3/22,0.452838705
2007/3/23,0.099667071
2007/3/26,1.578415281
2007/3/27,0.512839234
2007/3/28,1.08932448
2007/3/29,0.772734349
2007/3/30,-0.423888762
2007/4/2,2.154911003
2007/4/3,1.189942185
2007/4/4,0.007383103
2007/4/5,0.838452008
2007/4/6,0.133920232
2007/4/9,2.267581542
2007/4/10,1.333970785
2007/4/11,1.478765877
2007/4/12,1.024397864
2007/4/13,-0.361424389
2007/4/16,2.221946202
2007/4/17,0.429007455
2007/4/18,0.014563093
2007/4/19,-4.522759963
2007/4/20,3.919610695
2007/4/23,3.534452838
2007/4/24,0.259937923
2007/4/25,0.629668015
2007/4/26,1.044455882
2007/4/27,-0.613153944
2007/4/30,2.165103181
2007/5/8,2.830807087
2007/5/9,1.59680568
2007/5/10,0.912415262
2007/5/11,-0.691977013
2007/5/14,0.614519611
2007/5/15,-3.638154682
2007/5/16,2.227777239
2007/5/17,1.561699159
2007/5/18,-0.44549641
2007/5/21,1.041298101
2007/5/22,0.936932512
2007/5/23,1.540733835
2007/5/24,-0.540909776
2007/5/25,0.690004392
2007/5/28,2.209089674
2007/5/29,1.470303557
2007/5/30,-6.501521134
2007/5/31,1.395627235
2007/6/1,-2.65015011
2007/6/4,-8.256993328
2007/6/5,2.634589518
2007/6/6,0.244644356
2007/6/7,3.031684046
2007/6/8,0.573968921
2007/6/11,2.109433996
2007/6/12,1.913516598
2007/6/13,2.562339488
2007/6/14,-1.467048807
2007/6/15,0.429139808
2007/6/18,2.915141999
2007/6/19,0.380312168
2007/6/20,-2.065827479
2007/6/21,1.183835834
2007/6/22,-3.294347223
2007/6/25,-3.675083009
2007/6/26,0.819318355
2007/6/27,2.648330599
2007/6/28,-4.030673278
2007/6/29,-2.388761546
2007/7/2,0.408066264
2007/7/3,1.653418638
2007/7/4,-2.142690098
2007/7/5,-5.248541402
2007/7/6,4.57637881
2007/7/9,2.693959932
2007/7/10,-0.777577142
2007/7/11,0.329663399
2007/7/12,1.300351836
2007/7/13,-0.040755967
2007/7/16,-2.362536228
2007/7/17,1.943396977
2007/7/18,0.869284899
2007/7/19,-0.435591314
2007/7/20,3.72895988
2007/7/23,3.806691201
2007/7/24,-0.071961553
2007/7/25,2.699005232
2007/7/26,0.520170603
2007/7/27,-0.025330971
2007/7/30,2.195722929
2007/7/31,0.681481068
2007/8/1,-3.812743903
2007/8/2,2.491929545
2007/8/3,3.472172751
2007/8/6,1.476372212
2007/8/7,0.499491369
2007/8/8,0.256642067
2007/8/9,1.950028757
2007/8/10,-0.099409036
2007/8/13,1.488513527
2007/8/14,1.093782157
2007/8/15,-0.059555265
2007/8/16,-2.144507373
2007/8/17,-2.284654035
2007/8/20,5.331838386
2007/8/21,1.02657469
2007/8/22,0.501855927
2007/8/23,1.052574509
2007/8/24,1.493772273
2007/8/27,0.831103353
2007/8/28,0.865436481
2007/8/29,-1.641330212
2007/8/30,1.144100894
2007/8/31,0.98572259
2007/9/3,1.958870052
2007/9/4,-0.507606104
2007/9/5,0.314900988
2007/9/6,1.561823302
2007/9/7,-2.159646696
2007/9/10,1.480166665
2007/9/11,-4.506182395
2007/9/12,1.147034944
2007/9/13,1.951909542
2007/9/14,0.731759302
2007/9/17,2.055840707
2007/9/18,0.070387827
2007/9/19,-0.551923539
2007/9/20,1.386400853
2007/9/21,-0.281367772
2007/9/24,0.556201892
2007/9/25,-1.078083133
2007/9/26,-1.610061409
2007/9/27,1.327764999
2007/9/28,2.641659348
2007/10/8,2.529653922
2007/10/9,0.406428873
2007/10/10,0.972236704
2007/10/11,2.456326506
2007/10/12,-0.168537331
2007/10/15,2.14833692
2007/10/16,1.027696786
2007/10/17,-0.915552826
2007/10/18,-3.495513214
2007/10/19,-0.124199996
2007/10/22,-2.590474089
2007/10/23,1.871339106
2007/10/24,1.207644663
2007/10/25,-4.804206117
2007/10/26,0.489663264
2007/10/29,2.833210278
2007/10/30,2.595617221
2007/10/31,0.976261079
2007/11/1,-0.67979173
2007/11/2,-2.307565496
2007/11/5,-2.481165438
2007/11/6,-1.73722307
2007/11/7,1.177877491
2007/11/8,-4.85131252
2007/11/9,-0.271724906
2007/11/12,-2.404365314
2007/11/13,-0.570904258
2007/11/14,4.935443509
2007/11/15,-0.876218016
2007/11/16,-0.9131512
2007/11/19,-0.873863913
2007/11/20,0.453260521
2007/11/21,-1.501368702
2007/11/22,-4.412237677
2007/11/23,0.962428782
2007/11/26,-1.45626206
2007/11/27,-1.970981573
2007/11/28,-1.18732117
2007/11/29,4.162452632
2007/11/30,-2.629347277
2007/12/3,-0.065007067
2007/12/4,0.971077788
2007/12/5,2.578679055
2007/12/6,-0.150337501
2007/12/7,1.125763221
2007/12/10,1.37797255
2007/12/11,0.254885828
2007/12/12,-1.536846995
2007/12/13,-2.698436653
2007/12/14,1.005800071
2007/12/17,-2.618856445
2007/12/18,-0.832253211
2007/12/19,2.18375104
2007/12/20,2.05899327
2007/12/21,1.154824939
2007/12/24,2.596800057
2007/12/25,-0.632008868
2007/12/26,0.618513372
2007/12/27,1.443396401
2007/12/28,-0.891448286
2008/1/2,0.213833798
2008/1/3,0.892256014
2008/1/4,0.784099434
2008/1/7,0.592531223
2008/1/8,-0.126303853
2008/1/9,0.914800268
2008/1/10,0.381433704
2008/1/11,0.51563802
2008/1/14,0.241108091
2008/1/15,-0.984193786
2008/1/16,-2.813939771
2008/1/17,-2.626920243
2008/1/18,0.560754993
2008/1/21,-5.136150583
2008/1/22,-7.217187734
2008/1/23,3.142627744
2008/1/24,0.312286907
2008/1/25,0.931676097
2008/1/28,-7.190601316
2008/1/29,0.874574084
2008/1/30,-0.899405645
2008/1/31,-0.779927064
2008/2/1,-1.42871059
2008/2/4,8.13288474
2008/2/5,-1.551184995
2008/2/13,-2.369178311
2008/2/14,1.371606029
2008/2/15,-1.212327967
2008/2/18,1.579319419
2008/2/19,2.104658975
2008/2/20,-2.085395542
2008/2/21,-0.872537183
2008/2/22,-3.465559222
2008/2/25,-4.06728623
2008/2/26,1.088745157
2008/2/27,2.262009226
2008/2/28,-0.796807234
2008/2/29,1.140361711
2008/3/3,2.063265788
2008/3/4,-2.31664851
2008/3/5,-0.987026479
2008/3/6,1.591835727
2008/3/7,-1.386635958
2008/3/10,-3.58598912
2008/3/11,0.472204248
2008/3/12,-2.298723102
2008/3/13,-2.428898832
2008/3/14,-0.216153223
2008/3/17,-3.599211946
2008/3/18,-3.956782742
2008/3/19,2.526862978
2008/3/20,1.128481061
2008/3/21,-0.196579754
2008/3/24,-4.487938606
2008/3/25,0.094617267
2008/3/26,-0.627118163
2008/3/27,-5.416460924
2008/3/28,4.94367129
2008/3/31,-3.000799409
2008/4/1,-4.133684528
2008/4/2,0.562303667
2008/4/3,2.938036645
2008/4/7,4.450468394
2008/4/8,0.358954756
2008/4/9,-5.498404308
2008/4/10,1.694129336
2008/4/11,0.60920408
2008/4/14,-5.61772147
2008/4/15,1.567671882
2008/4/16,-1.694982578
2008/4/17,-2.091931611
2008/4/18,-3.97403949
2008/4/21,0.720885084
2008/4/22,0.988650221
2008/4/23,4.146937235
2008/4/24,9.294305332
2008/4/25,-0.705520582
2008/4/28,-2.333694704
2008/4/29,1.401061725
2008/4/30,4.816392098
2008/5/5,1.838642054
2008/5/6,-0.731346296
2008/5/7,-4.134347823
2008/5/8,2.170684803
2008/5/9,-1.185313327
2008/5/12,0.373267536
2008/5/13,-1.840069788
2008/5/14,2.729841755
2008/5/15,-0.549784658
2008/5/16,-0.359907448
2008/5/19,-0.5372723
2008/5/20,-4.482932433
2008/5/21,2.934047251
2008/5/22,-1.652170625
2008/5/23,-0.359734108
2008/5/26,-3.125371607
2008/5/27,0.322866932
2008/5/28,2.477301256
2008/5/29,-1.664890637
2008/5/30,0.938338708
2008/6/2,0.748247923
2008/6/3,-0.654689562
2008/6/4,-1.93472933
2008/6/5,-0.542091146
2008/6/6,-0.655648197
2008/6/10,-7.728603736
2008/6/11,-1.565357661
2008/6/12,-2.205777319
2008/6/13,-3.000204224
2008/6/16,0.184850809
2008/6/17,-2.760930976
2008/6/18,5.237103413
2008/6/19,-6.536330609
2008/6/20,3.014397895
2008/6/23,-2.518561052
2008/6/24,1.543317549
2008/6/25,3.638755214
2008/6/26,-0.108915138
2008/6/27,-5.286903182
2008/6/30,-0.448583047
2008/7/1,-3.088260932
2008/7/2,0.004525561
2008/7/3,1.953596244
2008/7/4,-1.244188614
2008/7/7,4.588387845
2008/7/8,0.807549929
2008/7/9,3.751367255
2008/7/10,-1.544094837
2008/7/11,-0.654367143
2008/7/14,0.756904805
2008/7/15,-3.432912152
2008/7/16,-2.647324217
2008/7/17,-0.779380509
2008/7/18,3.485912057
2008/7/21,2.98920193
2008/7/22,-0.534734876
2008/7/23,-0.290501058
2008/7/24,2.552743293
2008/7/25,-1.552799513
2008/7/28,1.323199426
2008/7/29,-1.81539036
2008/7/30,-0.478649523
2008/7/31,-2.148682891
2008/8/1,0.940297588
2008/8/4,-2.1442157
2008/8/5,-1.859913777
2008/8/6,1.063719875
2008/8/7,0.301871611
2008/8/8,-4.467628228
2008/8/11,-5.205664924
2008/8/12,-0.521279929
2008/8/13,-0.443635393
2008/8/14,-0.376691792
2008/8/15,0.555090063
2008/8/18,-5.335079837
2008/8/19,1.060448267
2008/8/20,7.627014902
2008/8/21,-3.62884529
2008/8/22,-1.089354184
2008/8/25,0.338762345
2008/8/26,-2.622469621
2008/8/27,-0.337732609
2008/8/28,0.341396163
2008/8/29,2.009494741
2008/9/1,-3.013053059
2008/9/2,-0.870659123
2008/9/3,-1.224309523
2008/9/4,0.03245966
2008/9/5,-3.291676382
2008/9/8,-2.679974901
2008/9/9,0.110011052
2008/9/10,0.232083546
2008/9/11,-3.337333472
2008/9/12,0.033285537
2008/9/16,-4.473636
2008/9/17,-2.898819915
2008/9/18,-1.721575472
2008/9/19,9.455137757
2008/9/22,7.774068703
2008/9/23,-1.560536753
2008/9/24,0.695022962
2008/9/25,3.639913371
2008/9/26,-0.161784478
2008/10/6,-5.233535503
2008/10/7,-0.731412893
2008/10/8,-3.040773663
2008/10/9,-0.843169756
2008/10/10,-3.567512122
2008/10/13,3.648756456
2008/10/14,-2.712570796
2008/10/15,-1.12297448
2008/10/16,-4.247626296
2008/10/17,1.084326689
2008/10/20,2.245615598
2008/10/21,-0.78404017
2008/10/22,-3.201739673
2008/10/23,-1.068718477
2008/10/24,-1.916226665
2008/10/27,-6.320323588
2008/10/28,2.812543701
2008/10/29,-2.935341663
2008/10/30,2.546499269
2008/10/31,-1.974419471
2008/11/3,-0.521290663
2008/11/4,-0.760041726
2008/11/5,3.158487446
2008/11/6,-2.43591848
2008/11/7,1.745975193
2008/11/10,7.271674468
2008/11/11,-1.663856591
2008/11/12,0.840905898
2008/11/13,3.684720108
2008/11/14,3.051701768
2008/11/17,2.217386095
2008/11/18,-6.306621324
2008/11/19,6.047213301
2008/11/20,-1.671099603
2008/11/21,-0.724432391
2008/11/24,-3.672661927
2008/11/25,-0.4398912
2008/11/26,0.485462338
2008/11/27,1.052593309
2008/11/28,-2.435265121
2008/12/1,1.253716954
2008/12/2,-0.262691893
2008/12/3,4.010080238
2008/12/4,1.836254346
2008/12/5,0.856955569
2008/12/8,3.572525482
2008/12/9,-2.536525964
2008/12/10,2.030533827
2008/12/11,-2.281545483
2008/12/12,-3.81290173
2008/12/15,0.519850682
2008/12/16,0.541241128
2008/12/17,0.091797189
2008/12/18,1.966543219
2008/12/19,0.137372042
2008/12/22,-1.521355606
2008/12/23,-4.554384217
2008/12/24,-1.761783658
2008/12/25,-0.610634188
2008/12/26,-0.048639104
2008/12/29,-0.056062107
2008/12/30,-0.949483377
2008/12/31,-0.660425225
2009/1/5,3.290357836
2009/1/6,3.000399848
2009/1/7,-0.677956477
2009/1/8,-2.38205375
2009/1/9,1.420523368
2009/1/12,-0.236972671
2009/1/13,-1.945960396
2009/1/14,3.515249546
2009/1/15,-0.449123295
2009/1/16,1.782725395
2009/1/19,1.649272067
2009/1/20,0.374243962
2009/1/21,-0.45589329
2009/1/22,1.004274021
2009/1/23,-0.712935129
2009/2/2,1.056234198
2009/2/3,2.441985144
2009/2/4,2.277795894
2009/2/5,-0.461677363
2009/2/6,3.966648523
2009/2/9,1.993133261
2009/2/10,1.818076391
2009/2/11,-0.191642007
2009/2/12,-0.563025805
2009/2/13,3.233899339
2009/2/16,2.955672029
2009/2/17,-2.927361704
2009/2/18,-4.724371088
2009/2/19,0.781180001
2009/2/20,1.542481899
2009/2/23,1.958851689
2009/2/24,-4.559113913
2009/2/25,0.269010939
2009/2/26,-3.866763589
2009/2/27,-1.810205393
2009/3/2,0.508677525
2009/3/3,-1.051662641
2009/3/4,6.115385934
2009/3/5,1.044944582
2009/3/6,-1.263756846
2009/3/9,-3.386172502
2009/3/10,1.879411804
2009/3/11,-0.905368744
2009/3/12,-0.240483398
2009/3/13,-0.235861325
2009/3/16,1.148179673
2009/3/17,3.020260615
2009/3/18,0.243381721
2009/3/19,1.890251717
2009/3/20,0.676506195
2009/3/23,1.946133576
2009/3/24,0.556444261
2009/3/25,-2.004130994
2009/3/26,3.061196436
2009/3/27,0.53918696
2009/3/30,-0.690605524
2009/3/31,0.643458126
2009/4/1,1.466535031
2009/4/2,0.71735374
2009/4/3,-0.227312929
2009/4/7,0.801891744
2009/4/8,-3.763433807
2009/4/9,1.384135964
2009/4/10,2.703922389
2009/4/13,2.842413099
2009/4/14,0.536261075
2009/4/15,0.351181811
2009/4/16,-0.07578697
2009/4/17,-1.191689153
2009/4/20,2.137475613
2009/4/21,-0.845684149
2009/4/22,-2.937186592
2009/4/23,0.105958285
2009/4/24,-0.623347676
2009/4/27,-1.766196533
2009/4/28,-0.162554441
2009/4/29,2.779751132
2009/4/30,0.379913718
2009/5/4,3.323499769
2009/5/5,0.29008821
2009/5/6,0.980899664
2009/5/7,0.19004675
2009/5/8,1.085604442
2009/5/11,-1.748065713
2009/5/12,1.489487147
2009/5/13,1.74144403
2009/5/14,-0.8964376
2009/5/15,0.20364508
2009/5/18,0.284130538
2009/5/19,0.901055082
2009/5/20,-0.944004555
2009/5/21,-1.538499834
2009/5/22,-0.498770025
2009/5/25,0.47771001
2009/5/26,-0.821261221
2009/5/27,1.403011309
2009/6/1,3.672035393
2009/6/2,0.111050682
2009/6/3,1.992693908
2009/6/4,-0.40830076
2009/6/5,-0.482537861
2009/6/8,0.524530564
2009/6/9,0.706236526
2009/6/10,1.017257873
2009/6/11,-0.672064631
2009/6/12,-1.914618277
2009/6/15,1.668767189
2009/6/16,-0.484917096
2009/6/17,1.228412455
2009/6/18,1.557938923
2009/6/19,0.931671469
2009/6/22,0.548864569
2009/6/23,-0.124469064
2009/6/24,1.023335662
2009/6/25,0.094001333
2009/6/26,0.108203427
2009/6/29,1.608593097
2009/6/30,-0.536145093
2009/7/1,1.648598583
2009/7/2,1.732094477
2009/7/3,0.918649236
2009/7/6,1.175378444
2009/7/7,-1.1270641
2009/7/8,-0.280826684
2009/7/9,1.371765667
2009/7/10,-0.291479282
2009/7/13,-1.071828158
2009/7/14,2.097056505
2009/7/15,1.379708549
2009/7/16,-0.150820859
2009/7/17,0.188426072
2009/7/20,2.419600839
2009/7/21,-1.644178615
2009/7/22,2.595818631
2009/7/23,0.966900897
2009/7/24,1.325315684
2009/7/27,1.856399938
2009/7/28,0.09195939
2009/7/29,-5.000594758
2009/7/30,1.687713077
2009/7/31,2.724683582
2009/8/3,1.480864064
2009/8/4,0.255646785
2009/8/5,-1.236978754
2009/8/6,-2.105030741
2009/8/7,-2.849541017
2009/8/10,-0.335205125
2009/8/11,0.460526316
2009/8/12,-4.656041579
2009/8/13,0.894427027
2009/8/14,-2.979978093
2009/8/17,-5.787450623
2009/8/18,1.402270582
2009/8/19,-4.304534293
2009/8/20,4.523216676
2009/8/21,1.689425199
2009/8/24,1.103023503
2009/8/25,-2.593213335
2009/8/26,1.776251688
2009/8/27,-0.714383196
2009/8/28,-2.90887678
2009/8/31,-6.744636255
2009/9/1,0.598970291
2009/9/2,1.164426744
2009/9/3,4.790101121
2009/9/4,0.582947631
2009/9/7,0.681679433
2009/9/8,1.713190305
2009/9/9,0.538615753
2009/9/10,-0.72553024
2009/9/11,2.219199879
2009/9/14,1.23583848
2009/9/15,0.230842348
2009/9/16,-1.121326632
2009/9/17,2.018528458
2009/9/18,-3.189042761
2009/9/21,0.146624646
2009/9/22,-2.341009184
2009/9/23,-1.892355377
2009/9/24,0.381078551
2009/9/25,-0.515567604
2009/9/28,-2.65308883
2009/9/29,-0.325128233
2009/9/30,0.903453934
2009/10/9,4.759579856
2009/10/12,-0.591816163
2009/10/13,1.440948176
2009/10/14,1.169576502
2009/10/15,0.311594018
2009/10/16,-0.105880016
2009/10/19,2.070796097
2009/10/20,1.519975328
2009/10/21,-0.449512296
2009/10/22,-0.624538159
2009/10/23,1.849471654
2009/10/26,0.055311603
2009/10/27,-2.833417911
2009/10/28,0.326663377
2009/10/29,-2.337687529
2009/10/30,1.195149683
2009/11/2,2.697099452
2009/11/3,1.221393796
2009/11/4,0.459504076
2009/11/5,0.847552706
2009/11/6,0.284749575
2009/11/9,0.364976769
2009/11/10,0.095258039
2009/11/11,-0.107531279
2009/11/12,-0.070767374
2009/11/13,0.463355022
2009/11/16,2.741865708
2009/11/17,0.239416338
2009/11/18,0.619728538
2009/11/19,0.526090492
2009/11/20,-0.369389739
2009/11/23,0.916379363
2009/11/24,-3.44859604
2009/11/25,2.067270436
2009/11/26,-3.622462703
2009/11/27,-2.356211644
2009/11/30,3.19856343
2009/12/1,1.253778596
2009/12/2,1.062910097
2009/12/3,-0.156709133
2009/12/4,1.605573437
2009/12/7,0.447778203
2009/12/8,-1.057445653
2009/12/9,-1.731932645
2009/12/10,0.453640732
2009/12/11,-0.21344304
2009/12/14,1.711751051
2009/12/15,-0.861181554
2009/12/16,-0.587791575
2009/12/17,-2.338863847
2009/12/18,-2.050657455
2009/12/21,0.291821859
2009/12/22,-2.320000845
2009/12/23,0.762394608
2009/12/24,2.590721448
2009/12/25,-0.382347998
2009/12/28,1.509922635
2009/12/29,0.720525216
2009/12/30,1.582901094
2009/12/31,0.445626188
2010/1/4,-1.018540868
2010/1/5,1.184397119
2010/1/6,-0.85199497
2010/1/7,-1.887982202
2010/1/8,0.100883996
2010/1/11,0.524186975
2010/1/12,1.905408139
2010/1/13,-3.09435101
2010/1/14,1.351926366
2010/1/15,0.267512556
2010/1/18,0.401531938
2010/1/19,0.301998889
2010/1/20,-2.926630353
2010/1/21,0.222504244
2010/1/22,-0.958414467
2010/1/25,-1.092409739
2010/1/26,-2.424273957
2010/1/27,-1.085880147
2010/1/28,0.252326469
2010/1/29,-0.16201631
2010/2/1,-1.603456604
2010/2/2,-0.225983899
2010/2/3,2.355324013
2010/2/4,-0.283870452
2010/2/5,-1.866452465
2010/2/8,-0.143838781
2010/2/9,0.465662342
2010/2/10,1.141397199
2010/2/11,0.100553227
2010/2/12,1.093083602
2010/2/22,-0.488215728
2010/2/23,-0.693314706
2010/2/24,1.327778849
2010/2/25,1.271963886
2010/2/26,-0.283439488
2010/3/1,1.176267053
2010/3/2,-0.47716172
2010/3/3,0.777616667
2010/3/4,-2.3775228
2010/3/5,0.254417831
2010/3/8,0.731327108
2010/3/9,0.521054411
2010/3/10,-0.658620767
2010/3/11,0.077240288
2010/3/12,-1.241117668
2010/3/15,-1.21035557
2010/3/16,0.534172853
2010/3/17,1.925862416
2010/3/18,-0.143911825
2010/3/19,0.711108572
2010/3/22,0.222508353
2010/3/23,-0.697689698
2010/3/24,0.120630502
2010/3/25,-1.231088115
2010/3/26,1.342717351
2010/3/29,2.094410754
2010/3/30,0.149497503
2010/3/31,-0.618929137
2010/4/1,1.232219562
2010/4/2,0.334909653
2010/4/6,0.022926215
2010/4/7,-0.331119223
2010/4/8,-0.937449773
2010/4/9,0.854135477
2010/4/12,-0.511358524
2010/4/13,1.022221526
2010/4/14,0.156014186
2010/4/15,-0.03843745
2010/4/16,-1.095240834
2010/4/19,-4.792029651
2010/4/20,-0.025635029
2010/4/21,1.803806167
2010/4/22,-1.114108235
2010/4/23,-0.531658112
2010/4/26,-0.470381296
2010/4/27,-2.073579316
2010/4/28,-0.26125131
2010/4/29,-1.099839984
2010/4/30,0.075964848
2010/5/4,-1.23088778
2010/5/5,0.771494284
2010/5/6,-4.110703284
2010/5/7,-1.873159928
2010/5/10,0.385882517
2010/5/11,-1.896539777
2010/5/12,0.307451274
2010/5/13,2.063211626
2010/5/14,-0.512007532
2010/5/17,-5.069217901
2010/5/18,1.361442945
2010/5/19,-0.268847144
2010/5/20,-1.231428773
2010/5/21,1.079133313
2010/5/24,3.479784573
2010/5/25,-1.899923806
2010/5/26,0.120604126
2010/5/27,1.147272462
2010/5/28,-0.005685416
2010/5/31,-2.395541476
2010/6/1,-0.920626801
2010/6/2,0.12226067
2010/6/3,-0.729829359
2010/6/4,0.036706865
2010/6/7,-1.639415522
2010/6/8,0.088305705
2010/6/9,2.781403108
2010/6/10,-0.823957862
2010/6/11,0.287288592
2010/6/17,-0.377323691
2010/6/18,-1.836660163
2010/6/21,2.904160476
2010/6/22,0.096202551
2010/6/23,-0.727238171
2010/6/24,-0.121679212
2010/6/25,-0.54263279
2010/6/28,-0.687044939
2010/6/29,-4.268762637
2010/6/30,-1.181803611
2010/7/1,-1.024779329
2010/7/2,0.38373202
2010/7/5,-0.795417015
2010/7/6,1.923774095
2010/7/7,0.485302711
2010/7/8,-0.246456491
2010/7/9,2.309297559
2010/7/12,0.801117639
2010/7/13,-1.623307014
2010/7/14,0.822516229
2010/7/15,-1.867521575
2010/7/16,-0.001361215
2010/7/19,2.109912629
2010/7/20,2.153532672
2010/7/21,0.263531496
2010/7/22,1.065396542
2010/7/23,0.375506458
2010/7/26,0.647543495
2010/7/27,-0.51435421
2010/7/28,2.263560004
2010/7/29,0.5487794
2010/7/30,-0.400775495
2010/8/2,1.327505599
2010/8/3,-1.703039383
2010/8/4,0.438522696
2010/8/5,-0.673293609
2010/8/6,1.436035466
2010/8/9,0.531938104
2010/8/10,-2.890852985
2010/8/11,0.470971466
2010/8/12,-1.22807428
2010/8/13,1.212397713
2010/8/16,2.110254345
2010/8/17,0.382649036
2010/8/18,-0.209289818
2010/8/19,0.813036488
2010/8/20,-1.699120417
2010/8/23,-0.11130425
2010/8/24,0.414531369
2010/8/25,-2.027199113
2010/8/26,0.26577267
2010/8/27,0.278895832
2010/8/30,1.605750396
2010/8/31,-0.522719802
2010/9/1,-0.603153405
2010/9/2,1.254116655
2010/9/3,-0.014383743
2010/9/6,1.538604064
2010/9/7,0.078368104
2010/9/8,-0.113846803
2010/9/9,-1.444704857
2010/9/10,0.25813597
2010/9/13,0.942885068
2010/9/14,0.007513986
2010/9/15,-1.339732388
2010/9/16,-1.886444615
2010/9/17,-0.14509321
2010/9/20,-0.383885875
2010/9/21,0.109591137
2010/9/27,1.405220814
2010/9/28,-0.632161667
2010/9/29,-0.025886954
2010/9/30,1.722924083
2010/10/8,3.128640811
2010/10/11,2.490119558
2010/10/12,1.227848669
2010/10/13,0.70225772
2010/10/14,0.638682082
2010/10/15,3.178318371
2010/10/18,-0.5362552
2010/10/19,1.577746819
2010/10/20,0.069890165
2010/10/21,-0.679704829
2010/10/22,-0.284561961
2010/10/25,2.567223398
2010/10/26,-0.323652701
2010/10/27,-1.462908793
2010/10/28,-0.149113394
2010/10/29,-0.459269413
2010/11/1,2.524006868
2010/11/2,-0.2811703
2010/11/3,-0.474349469
2010/11/4,1.845965738
2010/11/5,1.378647262
2010/11/8,0.959099817
2010/11/9,-0.775816012
2010/11/10,-0.626602871
2010/11/11,1.039624364
2010/11/12,-5.156359602
2010/11/15,0.970645819
2010/11/16,-3.976727807
2010/11/17,-1.923657592
2010/11/18,0.936820699
2010/11/19,0.806644118
2010/11/22,-0.14522777
2010/11/23,-1.944583412
2010/11/24,1.119195328
2010/11/25,1.340064953
2010/11/26,-0.91651511
2010/11/29,-0.186022346
2010/11/30,-1.610930394
2010/12/1,0.115879087
2010/12/2,0.713949499
2010/12/3,-0.041355926
2010/12/6,0.518816464
2010/12/7,0.653896957
2010/12/8,-0.949802511
2010/12/9,-1.319866346
2010/12/10,1.070492563
2010/12/13,2.88323994
2010/12/14,0.141055932
2010/12/15,-0.535107208
2010/12/16,-0.455998357
2010/12/17,-0.151752608
2010/12/20,-1.410769454
2010/12/21,1.794619961
2010/12/22,-0.902684639
2010/12/23,-0.788074638
2010/12/24,-0.702677902
2010/12/27,-1.89601493
2010/12/28,-1.740561055
2010/12/29,0.678268124
2010/12/30,0.292492133
2010/12/31,1.757589484
2011/1/4,1.5872428
2011/1/5,-0.492700116
2011/1/6,-0.507152663
2011/1/7,0.517102738
2011/1/10,-1.655346747
2011/1/11,0.43835377
2011/1/12,0.615467572
2011/1/13,0.227128935
2011/1/14,-1.286163058
2011/1/17,-3.03380737
2011/1/18,0.085677551
2011/1/19,1.813155436
2011/1/20,-2.916684946
2011/1/21,1.405783873
2011/1/24,-0.720879581
2011/1/25,-0.678408737
2011/1/26,1.17209326
2011/1/27,1.489064956
2011/1/28,0.130949566
2011/1/31,1.378403415
2011/2/1,0.296198723
2011/2/9,-0.889437505
2011/2/10,1.58965273
2011/2/11,0.325211849
2011/2/14,2.539712407
2011/2/15,0.003552785
2011/2/16,0.850534123
2011/2/17,0.104928493
2011/2/18,-0.928333932
2011/2/21,1.119183721
2011/2/22,-2.616765442
2011/2/23,0.249271935
2011/2/24,0.557842882
2011/2/25,-0.001320085
2011/2/28,0.920180715
2011/3/1,0.477340689
2011/3/2,-0.175133268
2011/3/3,-0.371678573
2011/3/4,1.354746746
2011/3/7,1.832066413
2011/3/8,0.12452394
2011/3/9,0.073734759
2011/3/10,-1.499290176
2011/3/11,-0.789512039
2011/3/14,0.130581676
2011/3/15,-1.408313581
2011/3/16,1.192850356
2011/3/17,-1.143235781
2011/3/18,0.330929024
2011/3/21,0.077436817
2011/3/22,0.343916426
2011/3/23,1.004918569
2011/3/24,-0.060064908
2011/3/25,1.055687266
2011/3/28,0.207904187
2011/3/29,-0.868899348
2011/3/30,-0.077956051
2011/3/31,-0.935796447
2011/4/1,1.342128082
2011/4/6,1.144095356
2011/4/7,0.218201082
2011/4/8,0.735128623
2011/4/11,-0.240097346
2011/4/12,-0.045554605
2011/4/13,0.960789629
2011/4/14,-0.254491381
2011/4/15,0.259347572
2011/4/18,0.22301072
2011/4/19,-1.90650074
2011/4/20,0.266618562
2011/4/21,0.652835333
2011/4/22,-0.533623113
2011/4/25,-1.513560628
2011/4/26,-0.875899804
2011/4/27,-0.461826735
2011/4/28,-1.311406819
2011/4/29,0.847475826
2011/5/3,0.710181071
2011/5/4,-2.256710688
2011/5/5,0.22285283
2011/5/6,-0.296546029
2011/5/9,0.299383425
2011/5/10,0.632698105
2011/5/11,-0.249564628
2011/5/12,-1.364248011
2011/5/13,0.947511026
2011/5/16,-0.765021346
2011/5/17,0.130077671
2011/5/18,0.701002148
2011/5/19,-0.459382248
2011/5/20,-0.038991822
2011/5/23,-2.934798085
2011/5/24,-0.270780795
2011/5/25,-0.914871257
2011/5/26,-0.190171136
2011/5/27,-0.971304138
2011/5/30,-0.132327311
2011/5/31,1.371250916
2011/6/1,0.003645016
2011/6/2,-1.399307181
2011/6/3,0.844268831
2011/6/7,0.596769818
2011/6/8,0.218197719
2011/6/9,-1.706839429
2011/6/10,0.066510194
2011/6/13,-0.176108989
2011/6/14,1.098401373
2011/6/15,-0.901415364
2011/6/16,-1.520940656
2011/6/17,-0.805657657
2011/6/20,-0.815985058
2011/6/21,0.962516781
2011/6/22,0.107236661
2011/6/23,1.46935762
2011/6/24,2.156124674
2011/6/27,0.437657558
2011/6/28,0.035239991
2011/6/29,-1.113329144
2011/6/30,1.231196969
2011/7/1,-0.098259425
2011/7/4,1.93725941
2011/7/5,0.125745782
2011/7/6,-0.208638471
2011/7/7,-0.576841172
2011/7/8,0.125506976
2011/7/11,0.175782604
2011/7/12,-1.716563932
2011/7/13,1.484580964
2011/7/14,0.535436541
2011/7/15,0.346030734
2011/7/18,-0.123432319
2011/7/19,-0.6995805
2011/7/20,-0.099321304
2011/7/21,-1.013204114
2011/7/22,0.177013291
2011/7/25,-2.961032774
2011/7/26,0.531102603
2011/7/27,0.75715143
2011/7/28,-0.540298998
2011/7/29,-0.260191223
2011/8/1,0.07602539
2011/8/2,-0.907025453
2011/8/3,-0.028888584
2011/8/4,0.207356024
2011/8/5,-2.146615604
2011/8/8,-3.792496487
2011/8/9,-0.029523321
2011/8/10,0.914701493
2011/8/11,1.268331414
2011/8/12,0.451867668
2011/8/15,1.295594239
2011/8/16,-0.708246249
2011/8/17,-0.264745419
2011/8/18,-1.606490083
2011/8/19,-0.981218001
2011/8/22,-0.729770616
2011/8/23,1.516616763
2011/8/24,-0.506182609
2011/8/25,2.918825024
2011/8/26,-0.117502613
2011/8/29,-1.369541549
2011/8/30,-0.381072445
2011/8/31,0.029026785
2011/9/1,-0.440066372
2011/9/2,-1.086132387
2011/9/5,-1.959474425
2011/9/6,-0.331418516
2011/9/7,1.844386049
2011/9/8,-0.681493905
2011/9/9,-0.047620134
2011/9/13,-1.058871714
2011/9/14,0.547160306
2011/9/15,-0.232289813
2011/9/16,0.132631184
2011/9/19,-1.794594865
2011/9/20,0.408565938
2011/9/21,2.663992107
2011/9/22,-2.781815729
2011/9/23,-0.40514814
2011/9/26,-1.642967024
2011/9/27,0.913887488
2011/9/28,-0.952028402
2011/9/29,-1.116986098
2011/9/30,-0.258863091
2011/10/10,-0.611769992
2011/10/11,0.159033635
2011/10/12,3.043794464
2011/10/13,0.776446281
2011/10/14,-0.304044219
2011/10/17,0.3712714
2011/10/18,-2.332279682
2011/10/19,-0.250599437
2011/10/20,-1.940936576
2011/10/21,-0.604409604
2011/10/24,2.289672136
2011/10/25,1.659640228
2011/10/26,0.739021742
2011/10/27,0.335080001
2011/10/28,1.551805828
2011/10/31,-0.20861887
2011/11/1,0.071670212
2011/11/2,1.380110841
2011/11/3,0.1590187
2011/11/4,0.80555323
2011/11/7,-0.731520939
2011/11/8,-0.237588747
2011/11/9,0.842027992
2011/11/10,-1.797404194
2011/11/11,0.062431035
2011/11/14,1.91972541
2011/11/15,0.041404445
2011/11/16,-2.482527006
2011/11/17,-0.158616337
2011/11/18,-1.887256673
2011/11/21,-0.059257739
2011/11/22,-0.103721125
2011/11/23,-0.727837936
2011/11/24,0.103922023
2011/11/25,-0.722820007
2011/11/28,0.118056116
2011/11/29,1.232000886
2011/11/30,-3.273886137
2011/12/1,2.290463673
2011/12/2,-1.097508861
2011/12/5,-1.162173016
2011/12/6,-0.31389975
2011/12/7,0.293434169
2011/12/8,-0.124746542
2011/12/9,-0.624511765
2011/12/12,-1.024718499
2011/12/13,-1.874499519
2011/12/14,-0.892336976
2011/12/15,-2.137288117
2011/12/16,2.01499843
2011/12/19,-0.296875281
2011/12/20,-0.103911443
2011/12/21,-1.118356627
2011/12/22,-0.221390796
2011/12/23,0.845585023
2011/12/26,-0.665552725
2011/12/27,-1.091497687
2011/12/28,0.175791303
2011/12/29,0.163501325
2011/12/30,1.189568639
2012/1/4,-1.365225421
2012/1/5,-0.965156104
2012/1/6,0.695524033
2012/1/9,2.888746623
2012/1/10,2.688991819
2012/1/11,-0.424281984
2012/1/12,-0.045517533
2012/1/13,-1.337576538
2012/1/16,-1.710208591
2012/1/17,4.17837424
2012/1/18,-1.391939352
2012/1/19,1.310060431
2012/1/20,1.0035822
2012/1/30,-1.46952419
2012/1/31,0.331373045
2012/2/1,-1.069959566
2012/2/2,1.960953758
2012/2/3,0.771829958
2012/2/6,0.031367938
2012/2/7,-1.683042088
2012/2/8,2.42715439
2012/2/9,0.087709209
2012/2/10,0.101805039
2012/2/13,-0.005357186
2012/2/14,-0.301209046
2012/2/15,0.935315218
2012/2/16,-0.415852946
2012/2/17,0.013619816
2012/2/20,0.272189535
2012/2/21,0.754485642
2012/2/22,0.93040736
2012/2/23,0.248253964
2012/2/24,1.248114796
2012/2/27,0.304513639
2012/2/28,0.196153992
2012/2/29,-0.953155098
2012/3/1,-0.097673984
2012/3/2,1.42524159
2012/3/5,-0.637665893
2012/3/6,-1.413373077
2012/3/7,-0.649299196
2012/3/8,1.064058119
2012/3/9,0.792719508
2012/3/12,-0.188689145
2012/3/13,0.859844451
2012/3/14,-2.629087526
2012/3/15,-0.730000878
2012/3/16,1.30433647
2012/3/19,0.226552936
2012/3/20,-1.38350433
2012/3/21,0.057050562
2012/3/22,-0.101883992
2012/3/23,-1.104188449
2012/3/26,0.045115233
2012/3/27,-0.145494829
2012/3/28,-2.654164851
2012/3/29,-1.432065827
2012/3/30,0.471902529
2012/4/5,1.743557063
2012/4/6,0.18729577
2012/4/9,-0.900738028
2012/4/10,0.87873839
2012/4/11,0.132791931
2012/4/12,1.816386414
2012/4/13,0.35293407
2012/4/16,-0.090498275
2012/4/17,-0.935119087
2012/4/18,1.964166793
2012/4/19,-0.092992077
2012/4/20,1.186773585
2012/4/23,-0.759287089
2012/4/24,0.010298972
2012/4/25,0.752626595
2012/4/26,-0.087917092
2012/4/27,-0.348526238
2012/5/2,1.757698067
2012/5/3,0.067420264
2012/5/4,0.489082325
2012/5/7,-0.002732448
2012/5/8,-0.124921134
2012/5/9,-1.645525064
2012/5/10,0.068214268
2012/5/11,-0.63259523
2012/5/14,-0.595327817
2012/5/15,-0.247067595
2012/5/16,-1.206437647
2012/5/17,1.393492093
2012/5/18,-1.444625762
2012/5/21,0.161227032
2012/5/22,1.064898011
2012/5/23,-0.415875401
2012/5/24,-0.527367558
2012/5/25,-0.740969803
2012/5/28,1.191916361
2012/5/29,1.197145552
2012/5/30,-0.207897772
2012/5/31,-0.521414302
2012/6/1,0.050669538
2012/6/4,-2.733842412
2012/6/5,0.145805809
2012/6/6,-0.102123088
2012/6/7,-0.711175962
2012/6/8,-0.509478311
2012/6/11,1.06989117
2012/6/12,-0.696704391
2012/6/13,1.272299524
2012/6/14,-0.990890603
2012/6/15,0.474924062
2012/6/18,0.398898931
2012/6/19,-0.658750322
2012/6/20,-0.344141916
2012/6/21,-1.395626543
2012/6/25,-1.626050422
2012/6/26,-0.092036649
2012/6/27,-0.231001135
2012/6/28,-0.951358949
2012/6/29,1.347455169
2012/7/2,0.030510944
2012/7/3,0.138492707
2012/7/4,-0.084245734
2012/7/5,-1.165618693
2012/7/6,1.009651791
2012/7/9,-2.372976179
2012/7/10,-0.293760774
2012/7/11,0.505720425
2012/7/12,0.46465381
2012/7/13,0.018485549
2012/7/16,-1.735673488
2012/7/17,0.615981247
2012/7/18,0.366141554
2012/7/19,0.72573912
2012/7/20,-0.74161003
2012/7/23,-1.255903475
2012/7/24,0.242224487
2012/7/25,-0.486259829
2012/7/26,-0.475013236
2012/7/27,0.129868053
2012/7/30,-0.885536919
2012/7/31,-0.297642463
2012/8/1,0.937710647
2012/8/2,-0.573524979
2012/8/3,1.023786675
2012/8/6,1.037136229
2012/8/7,0.125480529
2012/8/8,0.156190617
2012/8/9,0.606758939
2012/8/10,-0.243226859
2012/8/13,-1.50939638
2012/8/14,0.301814821
2012/8/15,-1.100570588
2012/8/16,-0.318460366
2012/8/17,0.127544921
2012/8/20,-0.375149358
2012/8/21,0.536840571
2012/8/22,-0.498378864
2012/8/23,0.254351759
2012/8/24,-0.992299363
2012/8/27,-1.739684069
2012/8/28,0.848661386
2012/8/29,-0.960806578
2012/8/30,-0.03165736
2012/8/31,-0.246664572
2012/9/3,0.567759467
2012/9/4,-0.752641749
2012/9/5,-0.292026664
2012/9/6,0.698686399
2012/9/7,3.69624907
2012/9/10,0.335140866
2012/9/11,-0.671649586
2012/9/12,0.282944929
2012/9/13,-0.760620233
2012/9/14,0.638179209
2012/9/17,-2.13513497
2012/9/18,-0.912051961
2012/9/19,0.402419372
2012/9/20,-2.079183454
2012/9/21,0.091513539
2012/9/24,0.320818675
2012/9/25,-0.191767428
2012/9/26,-1.237918822
2012/9/27,2.602121974
2012/9/28,1.451425676
2012/10/8,-0.563233372
2012/10/9,1.967346038
2012/10/10,0.222765373
2012/10/11,-0.805399393
2012/10/12,0.098151667
2012/10/15,-0.295924049
2012/10/16,0.00500309
2012/10/17,0.32446989
2012/10/18,1.238116315
2012/10/19,-0.158841256
2012/10/22,0.209368783
2012/10/23,-0.858559668
2012/10/24,0.072974163
2012/10/25,-0.681005109
2012/10/26,-1.683067026
2012/10/29,-0.351658521
2012/10/30,0.165327549
2012/10/31,0.316775014
2012/11/1,1.718224353
2012/11/2,0.599592858
2012/11/5,-0.142604365
2012/11/6,-0.379749171
2012/11/7,-0.012773036
2012/11/8,-1.625137126
2012/11/9,-0.117885078
2012/11/12,0.493314136
2012/11/13,-1.509421077
2012/11/14,0.36769571
2012/11/15,-1.22257311
2012/11/16,-0.766639249
2012/11/19,0.112025214
2012/11/20,-0.399557358
2012/11/21,1.065048287
2012/11/22,-0.724418183
2012/11/23,0.584090879
2012/11/26,-0.489300498
2012/11/27,-1.303567251
2012/11/28,-0.886013967
2012/11/29,-0.508481533
2012/11/30,0.846911211
2012/12/3,-1.027717049
2012/12/4,0.784583065
2012/12/5,2.873918496
2012/12/6,-0.131403652
2012/12/7,1.604001898
2012/12/10,1.066260029
2012/12/11,-0.435076808
2012/12/12,0.386657567
2012/12/13,-1.020297437
2012/12/14,4.324522818
2012/12/17,0.451822145
2012/12/18,0.098225188
2012/12/19,-0.010404797
2012/12/20,0.282762451
2012/12/21,-0.693752355
2012/12/24,0.266705676
2012/12/25,2.52694121
2012/12/26,0.249411482
2012/12/27,-0.59640436
2012/12/28,1.240085099
2012/12/31,1.606446563
2013/1/4,0.346564848
2013/1/7,0.367678059
2013/1/8,-0.406674823
2013/1/9,-0.032072827
2013/1/10,0.365571739
2013/1/11,-1.780520551
2013/1/14,3.064783413
2013/1/15,0.603095504
2013/1/16,-0.695838898
2013/1/17,-1.064733087
2013/1/18,1.407539644
2013/1/21,0.481254343
2013/1/22,-0.56188824
2013/1/23,0.249315484
2013/1/24,-0.789043613
2013/1/25,-0.490489438
2013/1/28,2.409152168
2013/1/29,0.53151389
2013/1/30,0.996109754
2013/1/31,0.123694897
2013/2/1,1.40847196
2013/2/4,0.377590925
2013/2/5,0.204929341
2013/2/6,0.05536079
2013/2/7,-0.655048292
2013/2/8,0.57357155
2013/2/18,-0.445814467
2013/2/19,-1.595832105
2013/2/20,0.59859483
2013/2/21,-2.971285403
2013/2/22,-0.506760461
2013/2/25,0.503637599
2013/2/26,-1.396411329
2013/2/27,0.866813963
2013/2/28,2.264073456
2013/3/1,-0.257313917
2013/3/4,-3.649153679
2013/3/5,2.326995114
2013/3/6,0.897259432
2013/3/7,-0.975042807
2013/3/8,-0.244461434
2013/3/11,-0.345810487
2013/3/12,-1.038175049
2013/3/13,-0.989982966
2013/3/14,0.278670017
2013/3/15,0.357841796
2013/3/18,-1.684734162
2013/3/19,0.777583732
2013/3/20,2.65522713
2013/3/21,0.296369943
2013/3/22,0.173648011
2013/3/25,-0.067131159
2013/3/26,-1.248369482
2013/3/27,0.156245308
2013/3/28,-2.822672285
2013/3/29,0.014264621
2013/4/1,-0.099525132
2013/4/2,-0.297843488
2013/4/3,-0.109752485
2013/4/8,-0.615783525
2013/4/9,0.641302736
2013/4/10,0.015769788
2013/4/11,-0.295266306
2013/4/12,-0.575476233
2013/4/15,-1.125531317
2013/4/16,0.591399771
2013/4/17,-0.047839347
2013/4/18,0.17348924
2013/4/19,2.140560484
2013/4/22,-0.110217972
2013/4/23,-2.570323646
2013/4/24,1.54632238
2013/4/25,-0.857000664
2013/4/26,-0.972806434
2013/5/2,-0.173973971
2013/5/3,1.443064629
2013/5/6,1.163864653
2013/5/7,0.19760968
2013/5/8,0.479742348
2013/5/9,-0.593375773
2013/5/10,0.620697716
2013/5/13,-0.218574517
2013/5/14,-1.111101199
2013/5/15,0.351238831
2013/5/16,1.213998401
2013/5/17,1.379514932
2013/5/20,0.74975798
2013/5/21,0.222957879
2013/5/22,-0.117608066
2013/5/23,-1.161221559
2013/5/24,0.565372702
2013/5/27,0.198555144
2013/5/28,1.231576611
2013/5/29,0.116270153
2013/5/30,-0.269705428
2013/5/31,-0.740114654
2013/6/3,-0.058376203
2013/6/4,-1.16716219
2013/6/5,-0.06534895
2013/6/6,-1.269127067
2013/6/7,-1.392081566
2013/6/13,-2.828850539
2013/6/14,0.637045553
2013/6/17,-0.2694676
2013/6/18,0.142657388
2013/6/19,-0.733435188
2013/6/20,-2.772767692
2013/6/21,-0.524274947
2013/6/24,-5.299322993
2013/6/25,-0.189839729
2013/6/26,-0.40892918
2013/6/27,-0.075941778
2013/6/28,1.497066943
2013/7/1,0.810223898
2013/7/2,0.567249487
2013/7/3,-0.612590702
2013/7/4,0.593200112
2013/7/5,0.054882663
2013/7/8,-2.437526125
2013/7/9,0.366700659
2013/7/10,2.171101435
2013/7/11,3.230125998
2013/7/12,-1.61626365
2013/7/15,0.975932171
2013/7/16,0.307372571
2013/7/17,-1.006816025
2013/7/18,-1.052656287
2013/7/19,-1.519623445
2013/7/22,0.607934768
2013/7/23,1.951054539
2013/7/24,-0.516029348
2013/7/25,-0.597788159
2013/7/26,-0.510792243
2013/7/29,-1.717880498
2013/7/30,0.696147257
2013/7/31,0.187682406
2013/8/1,1.768884426
2013/8/2,0.017298591
2013/8/5,1.037883768
2013/8/6,0.488617061
2013/8/7,-0.665954865
2013/8/8,-0.091998253
2013/8/9,0.358942635
2013/8/12,2.389979705
2013/8/13,0.231905936
2013/8/14,-0.2857813
2013/8/15,-0.869324239
2013/8/16,-0.644993948
2013/8/19,0.829122455
2013/8/20,-0.623656863
2013/8/21,0.017659022
2013/8/22,-0.281577898
2013/8/23,-0.467606201
2013/8/26,1.896320605
2013/8/27,0.338329977
2013/8/28,-0.107721789
2013/8/29,-0.193879887
2013/8/30,0.055072722
2013/9/2,0.003145281
2013/9/3,1.175344826
2013/9/4,0.212235624
2013/9/5,-0.243840765
2013/9/6,0.8274949
2013/9/9,3.388936319
2013/9/10,1.151087721
2013/9/11,0.146739208
2013/9/12,0.639682537
2013/9/13,-0.85954766
2013/9/16,-0.215363715
2013/9/17,-2.054359571
2013/9/18,0.287843848
2013/9/23,1.33188798
2013/9/24,-0.608407578
2013/9/25,-0.408420086
2013/9/26,-1.942493001
2013/9/27,0.195657407
2013/9/30,0.677676714
2013/10/8,1.082189671
2013/10/9,0.617323545
2013/10/10,-0.942232213
2013/10/11,1.698685809
2013/10/14,0.432063249
2013/10/15,-0.19488125
2013/10/16,-1.806115486
2013/10/17,-0.206650574
2013/10/18,0.239337422
2013/10/21,1.616251402
2013/10/22,-0.833693322
2013/10/23,-1.246012489
2013/10/24,-0.860470879
2013/10/25,-1.449276032
2013/10/28,0.042851349
2013/10/29,-0.234550481
2013/10/30,1.48431276
2013/10/31,-0.872451877
2013/11/1,0.371121967
2013/11/4,0.00334952
2013/11/5,0.353827675
2013/11/6,-0.817387032
2013/11/7,-0.477050225
2013/11/8,-1.092936978
2013/11/11,0.158774851
2013/11/12,0.820158229
2013/11/13,-1.825818659
2013/11/14,0.601789035
2013/11/15,1.681547208
2013/11/18,2.874390107
2013/11/19,-0.186326443
2013/11/20,0.615012824
2013/11/21,-0.038384619
2013/11/22,-0.425611783
2013/11/25,-0.467269295
2013/11/26,-0.13915096
2013/11/27,0.824388374
2013/11/28,0.831504677
2013/11/29,0.05100542
2013/12/2,-0.591442303
2013/12/3,0.693086935
2013/12/4,1.308876261
2013/12/5,-0.208681024
2013/12/6,-0.443022737
2013/12/9,0.048813021
2013/12/10,-0.031632562
2013/12/11,-1.489435493
2013/12/12,-0.062155028
2013/12/13,-0.30511223
2013/12/16,-1.603497148
2013/12/17,-0.452689923
2013/12/18,-0.129888303
2013/12/19,-0.953923711
2013/12/20,-2.020780227
2013/12/23,0.235658775
2013/12/24,0.153035808
2013/12/25,0.64259964
2013/12/26,-1.578794448
2013/12/27,1.357966986
2013/12/30,-0.177132575
2013/12/31,0.879558757
2014/1/2,-0.31148717
2014/1/3,-1.244484772
2014/1/6,-1.79666618
2014/1/7,0.078603555
2014/1/8,-0.145409822
2014/1/9,-0.817770038
2014/1/10,-0.706443311
2014/1/13,-0.185466831
2014/1/14,0.859788491
2014/1/15,-0.172386402
2014/1/16,0.017446332
2014/1/17,-0.9266191
2014/1/20,-0.683109645
2014/1/21,0.856746983
2014/1/22,2.162810279
2014/1/23,-0.466382584
2014/1/24,0.597988424
2014/1/27,-1.026678453
2014/1/28,0.256381252
2014/1/29,0.55928022
2014/1/30,-0.821058835
2014/2/7,0.561413381
2014/2/10,2.033262949
2014/2/11,0.843884688
2014/2/12,0.298715911
2014/2/13,-0.547594617
2014/2/14,0.831442608
2014/2/17,0.924782877
2014/2/18,-0.765612305
2014/2/19,1.108412857
2014/2/20,-0.176051572
2014/2/21,-1.17305083
2014/2/24,-1.750821903
2014/2/25,-2.044940834
2014/2/26,0.345832971
2014/2/27,0.298835912
2014/2/28,0.437051922
2014/3/3,0.920730515
2014/3/4,-0.181280674
2014/3/5,-0.887725787
2014/3/6,0.316304642
2014/3/7,-0.081084572
2014/3/10,-2.859360088
2014/3/11,0.104648923
2014/3/12,-0.173149833
2014/3/13,1.072187304
2014/3/14,-0.731609109
2014/3/17,0.964607284
2014/3/18,0.075259195
2014/3/19,-0.170946417
2014/3/20,-1.397562686
2014/3/21,2.715855045
2014/3/24,0.911302347
2014/3/25,0.049944853
2014/3/26,-0.176122509
2014/3/27,-0.827748623
2014/3/28,-0.2382502
2014/3/31,-0.411713307
2014/4/1,0.696107718
2014/4/2,0.563039083
2014/4/3,-0.74240355
2014/4/4,0.740274267
2014/4/8,1.916281618
2014/4/9,0.331366011
2014/4/10,1.380509653
2014/4/11,-0.176076465
2014/4/14,0.046795604
2014/4/15,-1.404525087
2014/4/16,0.167538938
2014/4/17,-0.296277365
2014/4/18,-0.05417162
2014/4/21,-1.521727109
2014/4/22,0.339089546
2014/4/23,-0.262877195
2014/4/24,-0.500584798
2014/4/25,-0.99726159
2014/4/28,-1.621983394
2014/4/29,0.84123331
2014/4/30,0.297821011
2014/5/5,0.049102873
2014/5/6,0.0337879
2014/5/7,-0.88533844
2014/5/8,0.258248042
2014/5/9,-0.205381501
2014/5/12,2.075246068
2014/5/13,-0.104390388
2014/5/14,-0.137414616
2014/5/15,-1.119971092
2014/5/16,0.075556526
2014/5/19,-1.052107472
2014/5/20,0.146420551
2014/5/21,0.838197338
2014/5/22,-0.181041418
2014/5/23,0.657205688
2014/5/26,0.33948222
2014/5/27,-0.338529574
2014/5/28,0.769845151
2014/5/29,-0.469850183
2014/5/30,-0.06777435
2014/6/3,-0.044477965
2014/6/4,-0.660892261
2014/6/5,0.79236125
2014/6/6,-0.535161827
2014/6/9,0.026897135
2014/6/10,1.084953376
2014/6/11,0.117708274
2014/6/12,-0.157424908
2014/6/13,0.926152927
2014/6/16,0.737329859
2014/6/17,-0.924504179
2014/6/18,-0.540911154
2014/6/19,-1.546276147
2014/6/20,0.145226524
2014/6/23,-0.113930509
2014/6/24,0.472543242
2014/6/25,-0.414419172
2014/6/26,0.650456035
2014/6/27,-0.106294425
2014/6/30,0.580257401
2014/7/1,0.100276958
2014/7/2,0.440747354
2014/7/3,0.185052282
2014/7/4,-0.186794583
2014/7/7,0.026804249
2014/7/8,0.198744907
2014/7/9,-1.231043676
2014/7/10,-0.013244305
2014/7/11,0.422843664
2014/7/14,0.961669519
2014/7/15,0.179566312
2014/7/16,-0.148814915
2014/7/17,-0.565236572
2014/7/18,0.169099787
2014/7/21,-0.222819364
2014/7/22,1.022254304
2014/7/23,0.14493026
2014/7/24,1.278476817
2014/7/25,1.023817826
2014/7/28,2.413884231
2014/7/29,0.240777098
2014/7/30,-0.089272954
2014/7/31,0.931533075
2014/8/1,-0.738521105
2014/8/4,1.740170585
2014/8/5,-0.152294013
2014/8/6,-0.111714479
2014/8/7,-1.343696518
2014/8/8,0.308821856
2014/8/11,1.377536257
2014/8/12,-0.137504529
2014/8/13,0.057706288
2014/8/14,-0.738277467
2014/8/15,0.918572958
2014/8/18,0.571779117
2014/8/19,0.261848137
2014/8/20,-0.227984305
2014/8/21,-0.435360776
2014/8/22,0.464209593
2014/8/25,-0.514902634
2014/8/26,-0.994404456
2014/8/27,0.106882044
2014/8/28,-0.617660836
2014/8/29,0.97376012
2014/9/1,0.825861447
2014/9/2,1.365906945
2014/9/3,0.996493452
2014/9/4,0.796765921
2014/9/5,0.848338566
2014/9/9,0.004083506
2014/9/10,-0.353402303
2014/9/11,-0.285812264
2014/9/12,0.876895105
2014/9/15,0.30832565
2014/9/16,-1.820540883
2014/9/17,0.493695992
2014/9/18,0.348153056
2014/9/19,0.583912799
2014/9/22,-1.699327438
2014/9/23,0.866950293
2014/9/24,1.465849944
2014/9/25,0.065199535
2014/9/26,0.111508961
2014/9/29,0.425647373
2014/9/30,0.261227945
2014/10/8,0.800551638
2014/10/9,0.276020504
2014/10/10,-0.620707291
2014/10/13,-0.359269585
2014/10/14,-0.276161249
2014/10/15,0.601616885
2014/10/16,-0.723394575
2014/10/17,-0.649904795
2014/10/20,0.663937563
2014/10/21,-0.724351728
2014/10/22,-0.560082098
2014/10/23,-1.037371597
2014/10/24,-0.005993699
2014/10/27,-0.514403113
2014/10/28,2.070958511
2014/10/29,1.50388965
2014/10/30,0.760462362
2014/10/31,1.21710895
2014/11/3,0.407160135
2014/11/4,0.02654286
2014/11/5,-0.469951376
2014/11/6,0.273224721
2014/11/7,-0.317124126
2014/11/10,2.295205757
2014/11/11,-0.16170286
2014/11/12,1.004302999
2014/11/13,-0.355585702
2014/11/14,-0.272850967
2014/11/17,-0.194245336
2014/11/18,-0.713134027
2014/11/19,-0.219022735
2014/11/20,0.068299044
2014/11/21,1.39159117
2014/11/24,1.85331216
2014/11/25,1.370693191
2014/11/26,1.431221488
2014/11/27,1.003745663
2014/11/28,1.990088524
2014/12/1,-0.099894328
2014/12/2,3.111387215
2014/12/3,0.5782428
2014/12/4,4.31480199
2014/12/5,1.317178119
2014/12/8,2.812148635
2014/12/9,-5.429635481
2014/12/10,2.931691658
2014/12/11,-0.485135064
2014/12/12,0.424849346
2014/12/15,0.518961954
2014/12/16,2.305699052
2014/12/17,1.307356104
2014/12/18,-0.114308302
2014/12/19,1.670470947
2014/12/22,0.606350906
2014/12/23,-3.032283541
2014/12/24,-1.981130458
2014/12/25,3.364269922
2014/12/26,2.768625006
2014/12/29,0.329775466
2014/12/30,-0.069475659
2014/12/31,2.175174481
2015/1/5,3.581254017
2015/1/6,0.027667355
2015/1/7,0.67159071
2015/1/8,-2.385865367
2015/1/9,-0.244241915
2015/1/12,-1.707426648
2015/1/13,0.185333365
2015/1/14,-0.3976137
2015/1/15,3.538253812
2015/1/16,1.200076129
2015/1/19,-7.704557537
2015/1/20,1.819467704
2015/1/21,4.744926966
2015/1/22,0.593721708
2015/1/23,0.251843663
2015/1/26,0.937357165
2015/1/27,-0.89330104
2015/1/28,-1.408367532
2015/1/29,-1.313866979
2015/1/30,-1.592187119
2015/2/2,-2.556190686
2015/2/3,2.448838027
2015/2/4,-0.960433485
2015/2/5,-1.18442053
2015/2/6,-1.93283599
2015/2/9,0.624758811
2015/2/10,1.501361496
2015/2/11,0.512829001
2015/2/12,0.49757672
2015/2/13,0.958304868
2015/2/16,0.578558081
2015/2/17,0.761646034
2015/2/25,-0.556314227
2015/2/26,2.152969345
2015/2/27,0.362119466
2015/3/2,0.784882834
2015/3/3,-2.195046287
2015/3/4,0.505079294
2015/3/5,-0.946994587
2015/3/6,-0.224382141
2015/3/9,1.888845043
2015/3/10,-0.494790468
2015/3/11,0.14704504
2015/3/12,1.775289435
2015/3/13,0.704261727
2015/3/16,2.264927832
2015/3/17,1.55225473
2015/3/18,2.125528178
2015/3/19,0.138931558
2015/3/20,0.978345859
2015/3/23,1.946469733
2015/3/24,0.099844674
2015/3/25,-0.831200002
2015/3/26,0.583709192
2015/3/27,0.244453226
2015/3/30,2.586548819
2015/3/31,-1.021214989
2015/4/1,1.664799398
2015/4/2,0.40653031
2015/4/3,0.997050539
2015/4/7,2.522018391
2015/4/8,0.843973991
2015/4/9,-0.93313551
2015/4/10,1.939995967
2015/4/13,2.16654149
2015/4/14,0.336025174
2015/4/15,-1.242925695
2015/4/16,2.709490292
2015/4/17,2.204455349
2015/4/20,-1.637838862
2015/4/21,1.815143522
2015/4/22,2.442482724
2015/4/23,0.36407916
2015/4/24,-0.471672041
2015/4/27,3.043230672
2015/4/28,-1.130473235
2015/4/29,0.009047823
2015/4/30,-0.78105803
2015/5/4,0.873750888
2015/5/5,-4.056678058
2015/5/6,-1.615369835
2015/5/7,-2.767667014
2015/5/8,2.278650868
2015/5/11,3.035414156
2015/5/12,1.560717411
2015/5/13,-0.578453378
2015/5/14,0.058298444
2015/5/15,-1.59011089
2015/5/18,-0.584864405
2015/5/19,3.129713591
2015/5/20,0.650496021
2015/5/21,1.869739432
2015/5/22,2.82980919
2015/5/25,3.353704357
2015/5/26,2.017097518
2015/5/27,0.627522833
2015/5/28,-6.50478761
2015/5/29,-0.184448255
2015/6/1,4.705248166
2015/6/2,1.693796599
2015/6/3,-0.011180063
2015/6/4,0.756093001
2015/6/5,1.536131658
2015/6/8,2.165696216
2015/6/9,-0.357510238
2015/6/10,-0.146630491
2015/6/11,0.30467862
2015/6/12,0.873888261
2015/6/15,-2.000580681
2015/6/16,-3.467533927
2015/6/17,1.646386078
2015/6/18,-3.674431319
2015/6/19,-6.41523849
2015/6/23,2.191157307
2015/6/24,2.483517943
2015/6/25,-3.461957507
2015/6/26,-7.396694936
2015/6/29,-3.335254848
2015/6/30,5.531466582
2015/7/1,-5.225868566
2015/7/2,-3.476650961
2015/7/3,-5.77218117
2015/7/6,2.413860911
2015/7/7,-1.292058713
2015/7/8,-5.90087534
2015/7/9,5.763528201
2015/7/10,4.541871443
2015/7/13,2.387563267
2015/7/14,-1.156083486
2015/7/15,-3.026739546
2015/7/16,0.459126737
2015/7/17,3.509542851
2015/7/20,0.87831459
2015/7/21,0.640388166
2015/7/22,0.208329444
2015/7/23,2.431120368
2015/7/24,-1.285547766
2015/7/27,-8.483365382
2015/7/28,-1.679104177
2015/7/29,3.444333364
2015/7/30,-2.201063664
2015/7/31,-1.134448316
2015/8/3,-1.114193583
2015/8/4,3.688752534
2015/8/5,-1.649707377
2015/8/6,-0.894122271
2015/8/7,2.257684542
2015/8/10,4.919869505
2015/8/11,-0.012905968
2015/8/12,-1.058782436
2015/8/13,1.755799831
2015/8/14,0.272571687
2015/8/17,0.714517185
2015/8/18,-6.147331225
2015/8/19,1.225800152
2015/8/20,-3.421567488
2015/8/21,-4.272231654
2015/8/24,-8.490898994
2015/8/25,-7.63069312
2015/8/26,-1.270806724
2015/8/27,5.33951562
2015/8/28,4.824213068
2015/8/31,-0.815629496
2015/9/1,-1.227765811
2015/9/2,-0.203908011
2015/9/7,-2.523505878
2015/9/8,2.922718331
2015/9/9,2.291061338
2015/9/10,-1.393609611
2015/9/11,0.073204451
2015/9/14,-2.66967978
2015/9/15,-3.519521972
2015/9/16,4.894595051
2015/9/17,-2.100142025
2015/9/18,0.384179055
2015/9/21,1.892336044
2015/9/22,0.921230208
2015/9/23,-2.188930942
2015/9/24,0.860075844
2015/9/25,-1.601813989
2015/9/28,0.271929379
2015/9/29,-2.019475251
2015/9/30,0.482005913
2015/10/8,2.966999598
2015/10/9,1.266003193
2015/10/12,3.283223673
2015/10/13,0.169360476
2015/10/14,-0.934917998
2015/10/15,2.318264146
2015/10/16,1.596100505
2015/10/19,-0.137172432
2015/10/20,1.14063838
2015/10/21,-3.055296862
2015/10/22,1.447386014
2015/10/23,1.297072881
2015/10/26,0.502485909
2015/10/27,0.138646674
2015/10/28,-1.722021375
2015/10/29,0.359060629
2015/10/30,-0.140347148
2015/11/2,-1.699185913
2015/11/3,-0.252324377
2015/11/4,4.30986268
2015/11/5,1.826172665
2015/11/6,1.907932255
2015/11/9,1.583523489
2015/11/10,-0.175382745
2015/11/11,0.268206022
2015/11/12,-0.475227854
2015/11/13,-1.433096736
2015/11/16,0.729382136
2015/11/17,-0.059939722
2015/11/18,-1.007741078
2015/11/19,1.361760845
2015/11/20,0.371516994
2015/11/23,-0.555984024
2015/11/24,0.160595405
2015/11/25,0.879867416
2015/11/26,-0.339315722
2015/11/27,-5.480570763
2015/11/30,0.26487769
2015/12/1,0.316479485
2015/12/2,2.331851695
2015/12/3,1.354828586
2015/12/4,-1.669035914
2015/12/7,0.338582329
2015/12/8,-1.890256712
2015/12/9,0.068269516
2015/12/10,-0.487956736
2015/12/11,-0.605238902
2015/12/14,2.5064775
2015/12/15,-0.292955769
2015/12/16,0.166165578
2015/12/17,1.814806778
2015/12/18,-0.028910623
2015/12/21,1.774479989
2015/12/22,0.255183842
2015/12/23,-0.429326406
2015/12/24,-0.649159028
2015/12/25,0.427102119
2015/12/28,-2.594741772
2015/12/29,0.847732696
2015/12/30,0.256472421
2015/12/31,-0.943049801
2016/1/4,-6.86384594
2016/1/5,-0.259294024
2016/1/6,2.25472981
2016/1/7,-7.044892083
2016/1/8,1.965118742
2016/1/11,-5.325990487
2016/1/12,0.204096922
2016/1/13,-2.423664204
2016/1/14,1.968133274
2016/1/15,-3.546923195
2016/1/18,0.443541298
2016/1/19,3.22262364
2016/1/20,-1.032170677
2016/1/21,-3.232176367
2016/1/22,1.252568147
2016/1/25,0.752701297
2016/1/26,-6.42263184
2016/1/27,-0.517385905
2016/1/28,-2.920683824
2016/1/29,3.085446523
2016/2/1,-1.780610754
2016/2/2,2.258062357
2016/2/3,-0.375440523
2016/2/4,1.525090654
2016/2/5,-0.63037954
2016/2/15,-0.625874799
2016/2/16,3.290915871
2016/2/17,1.084654676
2016/2/18,-0.155021836
2016/2/19,-0.100318105
2016/2/22,2.348024717
2016/2/23,-0.814573778
2016/2/24,0.880540317
2016/2/25,-6.406885052
2016/2/26,0.94719735
2016/2/29,-2.863208792
2016/3/1,1.681225932
2016/3/2,4.262852292
2016/3/3,0.353618528
2016/3/4,0.503154463
2016/3/7,0.806952463
2016/3/8,0.139679844
2016/3/9,-1.338359895
2016/3/10,-2.020222486
2016/3/11,0.198985569
2016/3/14,1.750413745
2016/3/15,0.170274583
2016/3/16,0.211634818
2016/3/17,1.198496393
2016/3/18,1.732217216
2016/3/21,2.153934656
2016/3/22,-0.643930937
2016/3/23,0.353308352
2016/3/24,-1.62759638
2016/3/25,0.623579435
2016/3/28,-0.725439798
2016/3/29,-1.284324266
2016/3/30,2.767727732
2016/3/31,0.10897657
2016/4/1,0.186922733
2016/4/5,1.446571392
2016/4/6,-0.081000568
2016/4/7,-1.382420199
2016/4/8,-0.77987781
2016/4/11,1.641530635
2016/4/12,-0.339853202
2016/4/13,1.42185957
2016/4/14,0.512743923
2016/4/15,-0.137719061
2016/4/18,-1.444292079
2016/4/19,0.302044395
2016/4/20,-2.308349845
2016/4/21,-0.662487587
2016/4/22,0.21500963
2016/4/25,-0.424771225
2016/4/26,0.611877136
2016/4/27,-0.372010659
2016/4/28,-0.2736256
2016/4/29,-0.246639976
2016/5/3,1.848638884
2016/5/4,-0.045812347
2016/5/5,0.219639003
2016/5/6,-2.821829836
2016/5/9,-2.785035809
2016/5/10,0.016877858
2016/5/11,0.15695877
2016/5/12,-0.04141645
2016/5/13,-0.308653947
2016/5/16,0.840186919
2016/5/17,-0.251783496
2016/5/18,-1.271941608
2016/5/19,-0.02165617
2016/5/20,0.661831925
2016/5/23,0.642792754
2016/5/24,-0.772916451
2016/5/25,-0.233195566
2016/5/26,0.261341927
2016/5/27,-0.049496128
2016/5/30,0.049804222
2016/5/31,3.336284669
2016/6/1,-0.106561851
2016/6/2,0.402298535
2016/6/3,0.459895618
2016/6/6,-0.155988297
2016/6/7,0.066357702
2016/6/8,-0.302652037
2016/6/13,-3.214311214
2016/6/14,0.321841563
2016/6/15,1.584025552
2016/6/16,-0.498508941
2016/6/17,0.427733476
2016/6/20,0.128383542
2016/6/21,-0.354886737
2016/6/22,0.937726785
2016/6/23,-0.46772556
2016/6/24,-1.302715114
2016/6/27,1.451045901
2016/6/28,0.582034829
2016/6/29,0.653549441
2016/6/30,-0.067744761
2016/7/1,0.097965392
2016/7/4,1.91401396
2016/7/5,0.595194278
2016/7/6,0.362560837
2016/7/7,-0.014748324
2016/7/8,-0.953081147
2016/7/11,0.228339537
2016/7/12,1.818547893
2016/7/13,0.370829358
2016/7/14,-0.21795746
2016/7/15,0.009102762
2016/7/18,-0.351373934
2016/7/19,-0.228876409
2016/7/20,-0.2864719
2016/7/21,0.36692109
2016/7/22,-0.861892808
2016/7/25,0.099972916
2016/7/26,1.138592784
2016/7/27,-1.907010963
2016/7/28,0.077673823
2016/7/29,-0.500413616
2016/8/1,-0.871132825
2016/8/2,0.605881048
2016/8/3,0.24171409
2016/8/4,0.133122441
2016/8/5,-0.192125471
2016/8/8,0.926564218
2016/8/9,0.712417663
2016/8/10,-0.229171624
2016/8/11,-0.533599051
2016/8/12,1.59956012
2016/8/15,2.443006726
2016/8/16,-0.485025734
2016/8/17,-0.015498208
2016/8/18,-0.174976805
2016/8/19,0.128474663
2016/8/22,-0.749557125
2016/8/23,0.15887552
2016/8/24,-0.123830552
2016/8/25,-0.568751863
2016/8/26,0.064530238
2016/8/29,-0.009184743
2016/8/30,0.151464466
2016/8/31,0.351711741
2016/9/1,-0.719042771
2016/9/2,0.132112212
2016/9/5,0.154628487
2016/9/6,0.606035946
2016/9/7,0.039311317
2016/9/8,0.130210018
2016/9/9,-0.552301488
2016/9/12,-1.847375079
2016/9/13,0.050728381
2016/9/14,-0.683344854
2016/9/19,0.772666225
2016/9/20,-0.10085752
2016/9/21,0.095104233
2016/9/22,0.543281049
2016/9/23,-0.276664498
2016/9/26,-1.76228849
2016/9/27,0.595283231
2016/9/28,-0.344009617
2016/9/29,0.355605922
2016/9/30,0.207438228
