date0,close0,topic0_zscore,date1,close1,topic1_zscore,date2,close2,topic2_zscore,date3,close3,topic3_zscore,date4,close4,topic4_zscore,date5,close5,topic5_zscore
2014/12/2,3.08,-0.985747453,2014/12/2,3.08,-0.449236472,2014/12/2,3.08,-0.887754365,2014/12/2,3.08,-0.280770755,2014/12/2,3.08,-1.323946523,2014/12/4,4.34,-0.169639251
2014/12/3,0.59,-0.856810131,2014/12/3,0.59,-0.220507173,2014/12/3,0.59,-1.051722521,2014/12/5,1.32,-0.297680788,2014/12/3,0.59,-0.765094805,2014/12/5,1.32,-0.510488486
2014/12/4,4.34,0.562752236,2014/12/4,4.34,0.214078494,2014/12/4,4.34,-0.947258937,2014/12/11,-0.51,-0.297680788,2014/12/4,4.34,0.262705544,2014/12/8,2.82,-0.65656673
2014/12/5,1.32,0.044499309,2014/12/5,1.32,0.084465225,2014/12/5,1.32,-0.94461429,2014/12/12,0.42,-0.297680788,2014/12/5,1.32,0.12647685,2014/12/9,-5.35,2.459769136
2014/12/8,2.82,-0.714102803,2014/12/8,2.82,-0.140451919,2014/12/8,2.82,-1.039821606,2014/12/15,0.52,-0.289225771,2014/12/8,2.82,-0.544164841,2014/12/10,2.83,2.021534405
2014/12/9,-5.35,-0.454976339,2014/12/9,-5.35,0.332255298,2014/12/9,-5.35,-1.059656464,2014/12/18,-0.11,-0.297680788,2014/12/9,-5.35,0.699363657,2014/12/11,-0.51,0.706830212
2014/12/10,2.83,-0.40740723,2014/12/10,2.83,-0.144264074,2014/12/10,2.83,-1.062301111,2014/12/22,0.61,0.133525042,2014/12/10,2.83,-0.290649915,2014/12/12,0.42,-0.218331999
2014/12/11,-0.51,-0.605194579,2014/12/11,-0.51,-0.323435358,2014/12/11,-0.51,-0.981639357,2014/12/23,-3.03,1.148126992,2014/12/11,-0.51,-0.738693134,2014/12/15,0.52,-0.267024747
2014/12/12,0.42,-0.869328317,2014/12/12,0.42,-0.449236472,2014/12/12,0.42,-0.982961681,2014/12/24,-1.98,0.192710155,2014/12/12,0.42,-1.17368274,2014/12/16,2.31,-0.364410242
2014/12/15,0.52,-0.840536488,2014/12/15,0.52,-0.628407756,2014/12/15,0.52,-0.977672386,2014/12/25,3.36,-0.103215414,2014/12/15,0.52,-1.089472207,2014/12/17,1.31,0.804215707
2014/12/16,2.31,-0.742894632,2014/12/16,2.31,-0.597910516,2014/12/16,2.31,-0.967093795,2014/12/26,2.77,-0.230040657,2014/12/16,2.31,-0.856862693,2014/12/18,-0.11,-0.120946503
2014/12/17,1.31,-0.807989203,2014/12/17,1.31,-0.590286206,2014/12/17,1.31,-0.984284005,2014/12/29,0.33,-0.204675609,2014/12/17,1.31,-0.781190991,2014/12/19,1.67,-0.510488486
2014/12/18,-0.11,-1.42012853,2014/12/18,-0.11,-1.062993423,2014/12/18,-0.11,-0.97238309,2014/12/30,-0.07,-0.297680788,2014/12/18,-0.11,-1.240423022,2014/12/22,0.61,-0.120946503
2014/12/19,1.67,-1.273665746,2014/12/19,1.67,-0.948628774,2014/12/19,1.67,-0.986928653,2015/1/5,3.58,-0.0440303,2014/12/19,1.67,-1.367131411,2014/12/23,-3.03,0.171209985
2014/12/22,0.61,-0.935674706,2014/12/22,0.61,-0.590286206,2014/12/22,0.61,-1.038499282,2015/1/6,0.03,-0.086305381,2014/12/22,0.61,-0.174737748,2014/12/24,-1.98,-0.023561007
2014/12/23,-3.03,-0.966970173,2014/12/23,-3.03,-0.433987852,2014/12/23,-3.03,-1.054367168,2015/1/7,0.67,-0.162400527,2014/12/23,-3.03,-0.552311081,2014/12/25,3.36,-0.65656673
2014/12/24,-1.98,-0.895616509,2014/12/24,-1.98,-0.563601121,2014/12/24,-1.98,-1.054367168,2015/1/8,-2.39,-0.24695069,2014/12/24,-1.98,-0.638190121,2014/12/26,2.77,-0.169639251
2014/12/25,3.36,-0.557625469,2014/12/25,3.36,-0.643656376,2014/12/26,2.77,-0.980317033,2015/1/9,-0.24,-0.255405706,2014/12/25,3.36,-0.787177987,2014/12/29,0.33,-0.267024747
2014/12/26,2.77,0.364964887,2014/12/26,2.77,-0.167137004,2014/12/29,0.33,-1.064945759,2015/1/12,-1.71,-0.297680788,2014/12/26,2.77,-0.451808067,2014/12/30,-0.07,0.025131741
2014/12/29,0.33,-0.35983812,2014/12/29,0.33,-0.76183318,2014/12/30,-0.07,-1.064945759,2015/1/13,0.19,-0.297680788,2014/12/29,0.33,-0.737220922,2014/12/31,2.18,0.219902733
2014/12/30,-0.07,-0.245922622,2014/12/30,-0.07,-0.594098361,2014/12/31,2.18,-1.063623435,2015/1/14,-0.4,-0.255405706,2014/12/30,-0.07,-1.253378489,2015/1/5,3.58,-0.65656673
2014/12/31,2.18,-1.254888466,2014/12/31,2.18,-0.582661896,2015/1/5,3.58,-0.981639357,2015/1/15,3.54,-0.272315739,2014/12/31,2.18,-1.368112886,2015/1/6,0.03,-0.559181234
2015/1/5,3.58,-0.721613715,2015/1/5,3.58,-0.712275165,2015/1/6,0.03,-0.988250976,2015/1/16,1.2,-0.272315739,2015/1/5,3.58,-0.992502502,2015/1/7,0.67,-0.41310299
2015/1/6,0.03,0.2585603,2015/1/6,0.03,-0.780893955,2015/1/7,0.67,-0.981639357,2015/1/19,-7.7,-0.297680788,2015/1/6,0.03,-1.074357496,2015/1/8,-2.39,-0.218331999
2015/1/7,0.67,-0.814248296,2015/1/7,0.67,-0.68559008,2015/1/8,-2.39,-0.947258937,2015/1/20,1.82,-0.289225771,2015/1/7,0.67,-1.087901847,2015/1/9,-0.24,0.073824489
2015/1/8,-2.39,0.084557506,2015/1/8,-2.39,-0.697026545,2015/1/9,-0.24,-0.89304366,2015/1/21,4.74,1.300317285,2015/1/8,-2.39,-1.211076927,2015/1/12,-1.71,-0.267024747
2015/1/9,-0.24,0.307381228,2015/1/9,-0.24,-0.773269645,2015/1/12,-1.71,-0.809737258,2015/1/22,0.59,1.858348358,2015/1/9,-0.24,-1.11499055,2015/1/13,0.19,0.26859548
2015/1/12,-1.71,-0.019343443,2015/1/12,-1.71,-0.857137054,2015/1/13,0.19,-0.994862596,2015/1/23,0.25,0.987481683,2015/1/12,-1.71,-1.417775508,2015/1/14,-0.4,-0.364410242
2015/1/13,0.19,-0.011832531,2015/1/13,0.19,-0.765645335,2015/1/14,-0.4,-0.895688308,2015/1/26,0.94,0.251895269,2015/1/13,0.19,-1.573829992,2015/1/15,3.54,-0.364410242
2015/1/14,-0.4,-0.498789992,2015/1/14,-0.4,-0.632219911,2015/1/15,3.54,-0.988250976,2015/1/27,-0.89,-0.24695069,2015/1/14,-0.4,-1.500611976,2015/1/16,1.2,-0.705259478
2015/1/15,3.54,-0.777945555,2015/1/15,3.54,-0.834264124,2015/1/16,1.2,-0.986928653,2015/1/29,-1.31,-0.196220592,2015/1/15,3.54,-1.556065299,2015/1/19,-7.7,-0.072253755
2015/1/16,1.2,0.80310142,2015/1/16,1.2,-0.780893955,2015/1/19,-7.7,-0.980317033,2015/1/30,-1.59,-0.153945511,2015/1/16,1.2,-1.548704239,2015/1/20,1.82,0.463366472
2015/1/19,-7.7,0.87821054,2015/1/19,-7.7,-0.418739232,2015/1/20,1.82,-0.928746404,2015/2/2,-2.56,-0.280770755,2015/1/19,-7.7,0.26987031,2015/1/21,4.74,-0.315717495
2015/1/20,1.82,0.403771265,2015/1/20,1.82,-0.536916036,2015/1/21,4.74,-1.054367168,2015/2/3,2.45,-0.272315739,2015/1/20,1.82,-0.733785761,2015/1/22,0.59,-0.559181234
2015/1/21,4.74,0.092068418,2015/1/21,4.74,-0.555976811,2015/1/22,0.59,-1.057011816,2015/2/4,-0.96,-0.263860723,2015/1/21,4.74,-1.324731702,2015/1/23,0.25,-0.559181234
2015/1/22,0.59,-0.20085715,2015/1/22,0.59,-0.71608732,2015/1/23,0.25,-1.055689492,2015/2/5,-1.18,-0.230040657,2015/1/22,0.59,-1.629675905,2015/1/26,0.94,-0.218331999
2015/1/23,0.25,0.054513858,2015/1/23,0.25,-0.643656376,2015/1/28,-1.41,-1.063623435,2015/2/6,-1.93,-0.153945511,2015/1/23,0.25,-1.571376305,2015/1/27,-0.89,0.025131741
2015/1/26,0.94,-0.432443603,2015/1/26,0.94,-0.674153615,2015/1/29,-1.31,-1.063623435,2015/2/9,0.62,-0.24695069,2015/1/26,0.94,-1.660984949,2015/1/28,-1.41,0.073824489
2015/1/27,-0.89,0.182199362,2015/1/27,-0.89,-0.544540346,2015/2/2,-2.56,-1.060978788,2015/2/10,1.5,0.133525042,2015/1/27,-0.89,-1.562935622,2015/1/29,-1.31,-0.364410242
2015/1/28,-1.41,0.475124929,2015/1/28,-1.41,-0.453048627,2015/2/3,2.45,-1.063623435,2015/2/11,0.51,0.843746407,2015/1/28,-1.41,-1.470284407,2015/1/30,-1.59,-0.607873982
2015/1/29,-1.31,0.869447809,2015/1/29,-1.31,-0.437800007,2015/2/6,-1.93,-0.984284005,2015/2/12,0.5,0.759196245,2015/1/29,-1.31,-1.446041981,2015/2/2,-2.56,5.186563019
2015/1/30,-1.59,1.151107009,2015/1/30,-1.59,0.156896169,2015/2/9,0.62,-0.984284005,2015/2/13,0.96,0.801471326,2015/1/30,-1.59,-1.318842854,2015/2/3,2.45,5.381334011
2015/2/2,-2.56,0.724236844,2015/2/2,-2.56,-0.571225431,2015/2/10,1.5,-0.922134784,2015/2/16,0.58,0.962116635,2015/2/2,-2.56,-1.303728143,2015/2/4,-0.96,5.186563019
2015/2/3,2.45,0.546478593,2015/2/3,2.45,-0.632219911,2015/2/11,0.51,-0.9618045,2015/2/17,0.76,1.021301748,2015/2/3,2.45,-1.459782627,2015/2/5,-1.18,4.164015313
2015/2/4,-0.96,0.550234049,2015/2/4,-0.96,-0.765645335,2015/2/12,0.5,-0.852051621,2015/2/25,-0.56,0.759196245,2015/2/4,-0.96,-1.119603482,2015/2/6,-1.93,0.26859548
2015/2/5,-1.18,0.035736578,2015/2/5,-1.18,-0.620783446,2015/2/13,0.96,-0.981639357,2015/2/26,2.15,0.725376179,2015/2/5,-1.18,-1.076614888,2015/2/9,0.62,-0.607873982
2015/2/6,-1.93,-0.328542654,2015/2/6,-1.93,-0.388241992,2015/2/25,-0.56,-1.064945759,2015/2/27,0.36,-0.0440303,2015/2/6,-1.93,-1.407371876,2015/2/10,1.5,-0.753952226
2015/2/9,0.62,0.888225089,2015/2/9,0.62,-0.174761314,2015/2/26,2.15,-0.918167813,2015/3/2,0.78,-0.213130625,2015/2/9,0.62,-1.375866537,2015/2/11,0.51,-0.753952226
2015/2/10,1.5,0.99963695,2015/2/10,1.5,-0.300562428,2015/2/27,0.36,-0.924779432,2015/3/3,-2.2,0.285715334,2015/2/10,1.5,-1.534767297,2015/2/12,0.5,-0.753952226
2015/2/11,0.51,0.104586604,2015/2/11,0.51,-0.388241992,2015/3/2,0.78,-0.812381906,2015/3/4,0.51,0.826836375,2015/2/11,0.51,-1.771989742,2015/2/25,-0.56,-0.267024747
2015/2/12,0.5,0.471369473,2015/2/12,0.5,-0.548352501,2015/3/3,-2.2,-0.735687123,2015/3/5,-0.95,0.826836375,2015/2/12,0.5,-1.851587344,2015/2/26,2.15,0.414673724
2015/2/13,0.96,2.929941332,2015/2/13,0.96,-0.247192258,2015/3/4,0.51,0.872258666,2015/3/6,-0.22,8.174245501,2015/2/13,0.96,-1.774836019,2015/2/27,0.36,-0.218331999
2015/2/16,0.58,2.120014656,2015/2/16,0.58,-0.353932597,2015/3/5,-0.95,0.62233946,2015/3/9,1.89,1.088941879,2015/2/16,0.58,-1.985754941,2015/3/2,0.78,-0.364410242
2015/2/17,0.76,0.234775746,2015/2/17,0.76,-0.521667416,2015/3/6,-0.22,0.7188691,2015/3/10,-0.49,1.934443504,2015/2/17,0.76,-1.989877135,2015/3/3,-2.2,-0.120946503
2015/2/25,-0.56,0.590292247,2015/2/25,-0.56,-0.521667416,2015/3/9,1.89,0.443825742,2015/3/11,0.15,1.097396895,2015/2/25,-0.56,-1.867487235,2015/3/4,0.51,1.583299674
2015/2/26,2.15,1.008399681,2015/2/26,2.15,-0.758021025,2015/3/10,-0.49,1.887803375,2015/3/12,1.78,0.497090741,2015/2/26,2.15,-1.695434712,2015/3/5,-0.95,2.264998145
2015/2/27,0.36,0.660394092,2015/2/27,0.36,-0.464485092,2015/3/11,0.15,1.821687183,2015/3/13,0.7,0.404085562,2015/2/27,0.36,-1.659905327,2015/3/6,-0.22,0.365980976
2015/3/2,0.78,1.24374159,2015/3/2,0.78,-0.247192258,2015/3/12,1.78,1.085152804,2015/3/16,2.26,0.285715334,2015/3/2,0.78,-1.260543254,2015/3/9,1.89,2.751925624
2015/3/3,-2.2,1.585488085,2015/3/3,-2.2,0.04253152,2015/3/13,0.7,2.407476644,2015/3/17,1.55,0.048974879,2015/3/3,-2.2,-1.341318626,2015/3/10,-0.49,2.216305397
2015/3/4,0.51,0.998385131,2015/3/4,0.51,-0.239567948,2015/3/16,2.26,3.178391442,2015/3/18,2.13,-0.077850365,2015/3/4,0.51,-1.462236314,2015/3/11,0.15,2.995389363
2015/3/5,-0.95,1.128574273,2015/3/5,-0.95,-0.433987852,2015/3/18,2.13,3.117564545,2015/3/19,0.14,-0.086305381,2015/3/5,-0.95,-1.494036095,2015/3/12,1.78,4.991792028
2015/3/6,-0.22,1.415240747,2015/3/6,-0.22,-0.872385674,2015/3/19,0.14,3.314590798,2015/3/20,0.98,-0.137035479,2015/3/6,-0.22,-1.471756619,2015/3/13,0.7,4.894406532
2015/3/9,1.89,0.836900524,2015/3/9,1.89,-0.632219911,2015/3/20,0.98,1.816397887,2015/3/23,1.95,0.006699798,2015/3/9,1.89,-1.435245758,2015/3/16,2.26,4.797021036
2015/3/10,-0.49,0.656638636,2015/3/10,-0.49,-0.548352501,2015/3/23,1.95,1.421023059,2015/3/24,0.1,-0.170855544,2015/3/10,-0.49,-1.423075472,2015/3/17,1.55,4.407479053
2015/3/11,0.15,0.795590508,2015/3/11,0.15,-0.376805527,2015/3/24,0.1,3.263020168,2015/3/25,-0.83,-0.196220592,2015/3/11,0.15,-1.409236678,2015/3/18,2.13,3.579702338
2015/3/12,1.78,0.806856876,2015/3/12,1.78,-0.311998893,2015/3/25,-0.83,3.348971217,2015/3/26,0.58,-0.238495674,2015/3/12,1.78,-1.440938312,2015/3/19,0.14,1.875456161
2015/3/13,0.7,0.59655134,2015/3/13,0.7,-0.456860782,2015/3/26,0.58,1.553255443,2015/3/27,0.24,-0.153945511,2015/3/13,0.7,-1.530645103,2015/3/20,0.98,1.096372195
2015/3/16,2.26,0.40877854,2015/3/16,2.26,-0.479733712,2015/3/27,0.24,3.846164981,2015/3/30,2.59,0.015154814,2015/3/16,2.26,-1.379890583,2015/3/23,1.95,-0.169639251
2015/3/17,1.55,0.864440534,2015/3/17,1.55,-0.582661896,2015/3/30,2.59,4.18335756,2015/3/31,-1.02,-0.213130625,2015/3/17,1.55,-1.190662253,2015/3/24,0.1,0.414673724
2015/3/18,2.13,1.108545174,2015/3/18,2.13,-0.159512694,2015/4/3,1,2.441857063,2015/4/1,1.66,-0.153945511,2015/3/18,2.13,-0.959524951,2015/3/25,-0.83,-0.364410242
2015/3/19,0.14,0.937046017,2015/3/19,0.14,-0.205258553,2015/4/7,2.52,-0.965771471,2015/4/2,0.41,-0.120125446,2015/3/19,0.14,-1.039711438,2015/3/26,0.58,-0.169639251
2015/3/20,0.98,1.347642539,2015/3/20,0.98,0.099713845,2015/4/8,0.84,-1.046433225,2015/4/3,1,-0.238495674,2015/3/20,0.98,-0.852642352,2015/3/27,0.24,-0.510488486
2015/3/23,1.95,-0.193346238,2015/3/23,1.95,0.05778014,2015/4/9,-0.93,-1.017342101,2015/4/7,2.52,-0.272315739,2015/3/23,1.95,-0.911040099,2015/3/30,2.59,0.26859548
2015/3/24,0.1,2.740916714,2015/3/24,0.1,-0.197634244,2015/4/10,1.94,-1.060978788,2015/4/8,0.84,-0.187765576,2015/3/24,0.1,-0.747526407,2015/3/31,-1.02,1.047679447
2015/3/25,-0.83,0.645372268,2015/3/25,-0.83,0.160708324,2015/4/13,2.17,-1.049077873,2015/4/9,-0.93,-0.272315739,2015/3/25,-0.83,-0.767057754,2015/4/1,1.66,0.414673724
2015/3/26,0.58,-0.31352083,2015/3/26,0.58,0.107338155,2015/4/14,0.34,-1.037176959,2015/4/10,1.94,-0.221585641,2015/3/26,0.58,-0.703654486,2015/4/2,0.41,3.53100959
2015/3/27,0.24,-0.240915347,2015/3/27,0.24,-0.407302767,2015/4/15,-1.24,-0.949903585,2015/4/13,2.17,-0.204675609,2015/3/27,0.24,-1.036570718,2015/4/3,1,0.26859548
2015/3/30,2.59,0.299870316,2015/3/30,2.59,-0.216695018,2015/4/16,2.71,-1.062301111,2015/4/14,0.34,-0.280770755,2015/3/30,2.59,-0.528951982,2015/4/7,2.52,0.414673724
2015/3/31,-1.02,0.284848492,2015/3/31,-1.02,0.126398929,2015/4/17,2.2,-1.057011816,2015/4/15,-1.24,-0.24695069,2015/3/31,-1.02,-0.663217727,2015/4/8,0.84,0.75552296
2015/4/1,1.66,-0.328542654,2015/4/1,1.66,-0.228131483,2015/4/20,-1.64,-0.971060767,2015/4/16,2.71,-0.280770755,2015/4/1,1.66,-0.889840245,2015/4/9,-0.93,1.193757691
2015/4/2,0.41,-0.113229843,2015/4/2,0.41,0.023470745,2015/4/21,1.82,-0.829572116,2015/4/17,2.2,-0.213130625,2015/4/2,0.41,-0.79404831,2015/4/10,1.94,-0.072253755
2015/4/3,1,0.781820502,2015/4/3,1,-0.075645284,2015/4/22,2.44,-0.718496913,2015/4/21,1.82,-0.272315739,2015/4/3,1,-0.988478456,2015/4/13,2.17,0.414673724
2015/4/7,2.52,-0.267203539,2015/4/7,2.52,0.195017719,2015/4/23,0.36,0.020682113,2015/4/22,2.44,-0.280770755,2015/4/7,2.52,-0.555549948,2015/4/14,0.34,0.560751968
2015/4/8,0.84,-0.715354621,2015/4/8,0.84,-0.014650805,2015/4/24,-0.47,0.437214123,2015/4/24,-0.47,-0.280770755,2015/4/8,0.84,-0.451219183,2015/4/15,-1.24,0.122517237
2015/4/9,-0.93,-0.762923731,2015/4/9,-0.93,-0.151888384,2015/4/27,3.04,1.217385188,2015/4/27,3.04,-0.238495674,2015/4/9,-0.93,-0.512070617,2015/4/16,2.71,0.463366472
2015/4/10,1.94,-1.172268434,2015/4/10,1.94,-0.582661896,2015/4/28,-1.13,0.472916866,2015/4/28,-1.13,-0.272315739,2015/4/10,1.94,-1.279191274,2015/4/17,2.2,-0.267024747
2015/4/13,2.17,0.12711934,2015/4/13,2.17,0.73253157,2015/4/29,0.01,0.554900944,2015/4/29,0.01,3.997467471,2015/4/13,2.17,-0.414315732,2015/4/20,-1.64,0.706830212
2015/4/14,0.34,-0.77293828,2015/4/14,0.34,0.458056412,2015/4/30,-0.78,0.103988515,2015/4/30,-0.78,10.49091996,2015/4/14,0.34,-0.286822163,2015/4/21,1.82,1.096372195
2015/4/15,-1.24,-0.633986408,2015/4/15,-1.24,0.187393409,2015/5/4,0.87,0.082831334,2015/5/4,0.87,7.8614099,2015/4/15,-1.24,-0.528068655,2015/4/22,2.44,1.145064943
2015/4/16,2.71,-0.95069653,2015/4/16,2.71,0.515238737,2015/5/5,-4.06,-0.487090241,2015/5/5,-4.06,1.06357683,2015/4/16,2.71,-0.723971013,2015/4/23,0.36,0.75552296
2015/4/17,2.2,0.309884866,2015/4/17,2.2,0.278885128,2015/5/6,-1.62,-0.212046883,2015/5/6,-1.62,1.359502399,2015/4/17,2.2,-0.476443083,2015/4/24,-0.47,0.804215707
2015/4/20,-1.64,0.864440534,2015/4/20,-1.64,1.079437673,2015/5/7,-2.77,0.228286956,2015/5/7,-2.77,1.765343179,2015/4/20,-1.64,0.097621493,2015/4/27,3.04,1.534606926
2015/4/21,1.82,0.001937474,2015/4/21,1.82,0.614354766,2015/5/8,2.28,-0.37998201,2015/5/8,2.28,1.663882984,2015/4/21,1.82,-0.187693214,2015/4/28,-1.13,1.583299674
2015/4/22,2.44,0.105838423,2015/4/22,2.44,1.026067504,2015/5/11,3.04,-0.357502505,2015/5/11,3.04,2.84758526,2015/4/22,2.44,0.159650697,2015/4/29,0.01,1.583299674
2015/4/23,0.36,0.353698519,2015/4/23,0.36,1.121371378,2015/5/12,1.56,-0.373370391,2015/5/15,-1.59,1.181947057,2015/4/23,0.36,0.162595121,2015/4/30,-0.78,0.998986699
2015/4/24,-0.47,0.010700205,2015/4/24,-0.47,0.606730456,2015/5/13,-0.58,-0.551884109,2015/5/18,-0.58,0.218075204,2015/4/24,-0.47,-0.223320748,2015/5/4,0.87,2.167612649
2015/4/27,3.04,-0.304758099,2015/4/27,3.04,1.109934913,2015/5/14,0.06,-0.558495729,2015/5/19,3.13,0.040519863,2015/4/27,3.04,-0.044692345,2015/5/5,-4.06,1.291143187
2015/4/28,-1.13,0.130874796,2015/4/28,-1.13,2.047725037,2015/5/15,-1.59,-0.746265714,2015/5/20,0.65,0.141980058,2015/4/28,-1.13,-0.067560706,2015/5/6,-1.62,4.358786305
2015/4/29,0.01,-0.207116243,2015/4/29,0.01,1.060376898,2015/5/18,-0.58,-0.592876148,2015/5/21,1.87,0.082794944,2015/4/29,0.01,-0.217235604,2015/5/11,3.04,1.388528682
2015/4/30,-0.78,-0.32228356,2015/4/30,-0.78,0.393249778,2015/5/19,3.13,-0.501635803,2015/5/22,2.83,-0.094760397,2015/4/30,-0.78,-0.250900188,2015/5/12,1.56,1.729377918
2015/5/4,0.87,-0.626475496,2015/5/4,0.87,-0.075645284,2015/5/20,0.65,-0.279485398,2015/5/25,3.35,0.074339928,2015/5/4,0.87,-0.257377921,2015/5/13,-0.58,1.534606926
2015/5/5,-4.06,-0.477509075,2015/5/5,-4.06,0.103526,2015/5/21,1.87,-0.616677978,2015/5/26,2.02,0.006699798,2015/5/5,-4.06,0.548412842,2015/5/14,0.06,1.145064943
2015/5/6,-1.62,-0.334801747,2015/5/6,-1.62,1.159492928,2015/5/22,2.83,-0.72775318,2015/5/27,0.63,-0.052485316,2015/5/6,-1.62,0.657749128,2015/5/15,-1.59,0.463366472
2015/5/7,-2.77,-0.823011027,2015/5/7,-2.77,3.035073176,2015/5/25,3.35,-0.405106163,2015/5/28,-6.5,-0.035575284,2015/5/7,-2.77,0.888788282,2015/5/18,-0.58,0.463366472
2015/5/8,2.28,-0.786708285,2015/5/8,2.28,2.108719517,2015/5/26,2.02,0.119856401,2015/5/29,-0.18,-0.11167043,2015/5/8,2.28,0.519263042,2015/5/19,3.13,-0.218331999
2015/5/11,3.04,-0.279721726,2015/5/11,3.04,0.519050892,2015/5/27,0.63,0.316882653,2015/6/1,4.71,-0.196220592,2015/5/11,3.04,-0.185239528,2015/5/20,0.65,0.414673724
2015/5/12,1.56,-0.03186163,2015/5/12,1.56,1.189990168,2015/5/28,-6.5,0.352585397,2015/6/2,1.69,-0.162400527,2015/5/12,1.56,4.235224561,2015/5/21,1.87,0.75552296
2015/5/13,-0.58,0.019462935,2015/5/13,-0.58,0.953636559,2015/5/29,-0.18,-0.469900031,2015/6/3,-0.01,-0.213130625,2015/5/13,-0.58,2.027691572,2015/5/22,2.83,0.463366472
2015/5/14,0.06,-0.302254462,2015/5/14,0.06,1.022255349,2015/6/1,4.71,-0.895688308,2015/6/4,0.76,-0.221585641,2015/5/14,0.06,0.171526541,2015/5/25,3.35,0.025131741
2015/5/15,-1.59,-0.41616996,2015/5/15,-1.59,0.332255298,2015/6/2,1.69,-0.816348877,2015/6/5,1.54,-0.094760397,2015/5/15,-1.59,-0.39615845,2015/5/26,2.02,0.219902733
2015/5/18,-0.58,-0.831773757,2015/5/18,-0.58,-0.426363542,2015/6/3,-0.01,-0.743621066,2015/6/8,2.17,-0.24695069,2015/5/18,-0.58,-0.694330476,2015/5/27,0.63,0.365980976
2015/5/19,3.13,-0.637741864,2015/5/19,3.13,-0.144264074,2015/6/4,0.76,-0.657670017,2015/6/9,-0.36,-0.17931056,2015/5/19,3.13,-0.24304839,2015/5/28,-6.5,2.898003868
2015/5/20,0.65,-0.522574547,2015/5/20,0.65,1.022255349,2015/6/5,1.54,-0.770067543,2015/6/10,-0.15,-0.137035479,2015/5/20,0.65,-0.446213661,2015/5/29,-0.18,2.459769136
2015/5/21,1.87,-0.255937171,2015/5/21,1.87,0.675349246,2015/6/8,2.17,-0.405106163,2015/6/11,0.3,-0.187765576,2015/5/21,1.87,-0.238631754,2015/6/1,4.71,-0.267024747
2015/5/22,2.83,-0.086941651,2015/5/22,2.83,1.098498448,2015/6/9,-0.36,-0.278163075,2015/6/12,0.87,-0.238495674,2015/5/22,2.83,-0.476246788,2015/6/2,1.69,-0.267024747
2015/5/25,3.35,-0.661526419,2015/5/25,3.35,0.499990117,2015/6/10,-0.15,0.252088785,2015/6/15,-2,-0.238495674,2015/5/25,3.35,-0.356997607,2015/6/3,-0.01,-0.461795738
2015/5/26,2.02,-0.147028947,2015/5/26,2.02,0.458056412,2015/6/11,0.3,-0.218658502,2015/6/16,-3.47,-0.018665251,2015/5/26,2.02,-0.081105058,2015/6/4,0.76,-0.315717495
2015/5/27,0.63,0.115852972,2015/5/27,0.63,0.595293991,2015/6/12,0.87,-0.000475068,2015/6/17,1.65,-0.238495674,2015/5/27,0.63,0.10861401,2015/6/5,1.54,-0.461795738
2015/5/28,-6.5,0.493902209,2015/5/28,-6.5,3.599272112,2015/6/15,-2,-0.415684754,2015/6/18,-3.67,-0.221585641,2015/5/28,-6.5,2.439518374,2015/6/8,2.17,0.75552296
2015/5/29,-0.18,-0.177072595,2015/6/1,4.71,0.438995637,2015/6/16,-3.47,-0.383948982,2015/6/19,-6.42,-0.230040657,2015/5/29,-0.18,1.534696809,2015/6/9,-0.36,0.75552296
2015/6/1,4.71,-0.916897426,2015/6/2,1.69,0.275072973,2015/6/17,1.65,-0.185600406,2015/6/23,2.19,-0.204675609,2015/6/1,4.71,-0.35807723,2015/6/10,-0.15,0.219902733
2015/6/2,1.69,-0.353579027,2015/6/3,-0.01,0.503802272,2015/6/18,-3.67,-0.18031111,2015/6/24,2.48,-0.272315739,2015/6/2,1.69,-0.300072072,2015/6/11,0.3,0.171209985
2015/6/3,-0.01,-0.376111763,2015/6/4,0.76,0.87739346,2015/6/19,-6.42,-0.398494544,2015/6/25,-3.46,-0.204675609,2015/6/3,-0.01,-0.593434873,2015/6/12,0.87,-0.072253755
2015/6/4,0.76,-0.611453672,2015/6/5,1.54,0.881205615,2015/6/23,2.19,-0.35221321,2015/6/26,-7.4,-0.230040657,2015/6/4,0.76,0.187819022,2015/6/15,-2,-0.41310299
2015/6/5,1.54,-0.259692627,2015/6/8,2.17,0.671537091,2015/6/24,2.48,-0.085103794,2015/6/29,-3.34,-0.221585641,2015/6/5,1.54,-0.217039309,2015/6/16,-3.47,0.122517237
2015/6/8,2.17,-0.248426259,2015/6/9,-0.36,0.442807792,2015/6/25,-3.46,-0.089070766,2015/6/30,5.53,-0.280770755,2015/6/8,2.17,-0.429037853,2015/6/17,1.65,0.073824489
2015/6/9,-0.36,-0.167058046,2015/6/10,-0.15,0.446619947,2015/6/26,-7.4,0.074897391,2015/7/1,-5.23,-0.263860723,2015/6/9,-0.36,-0.599225574,2015/6/18,-3.67,1.826763414
2015/6/10,-0.15,-0.431191784,2015/6/11,0.3,0.141647549,2015/6/29,-3.34,0.877547961,2015/7/2,-3.48,-0.255405706,2015/6/10,-0.15,-0.385067785,2015/6/23,2.19,-0.169639251
2015/6/11,0.3,-0.787960104,2015/6/12,0.87,0.355128228,2015/6/30,5.53,0.523165172,2015/7/3,-5.77,-0.221585641,2015/6/11,0.3,-0.594416347,2015/6/24,2.48,0.75552296
2015/6/12,0.87,-0.527581822,2015/6/15,-2,0.408498398,2015/7/1,-5.23,0.638207346,2015/7/6,2.41,-0.24695069,2015/6/12,0.87,-0.558396224,2015/6/25,-3.46,0.122517237
2015/6/15,-2,-0.212123518,2015/6/16,-3.47,0.427559172,2015/7/2,-3.48,-0.06659126,2015/7/7,-1.29,-0.263860723,2015/6/15,-2,-0.523553871,2015/6/26,-7.4,1.826763414
2015/6/16,-3.47,0.105838423,2015/6/17,1.65,0.545735977,2015/7/3,-5.77,0.007458875,2015/7/8,-5.9,-0.280770755,2015/6/16,-3.47,0.436721016,2015/6/29,-3.34,2.216305397
2015/6/17,1.65,-0.01308435,2015/6/18,-3.67,0.553360287,2015/7/6,2.41,0.306304062,2015/7/9,5.76,-0.255405706,2015/6/17,1.65,-0.178172909,2015/6/30,5.53,1.047679447
2015/6/18,-3.67,-0.273462632,2015/6/19,-6.42,2.31076373,2015/7/7,-1.29,0.105310839,2015/7/10,4.54,-0.255405706,2015/6/18,-3.67,-0.173756273,2015/7/1,-5.23,0.317288228
2015/6/19,-6.42,-0.521322728,2015/6/23,2.19,0.572421062,2015/7/8,-5.9,0.024649085,2015/7/13,2.39,-0.272315739,2015/6/19,-6.42,2.906700351,2015/7/2,-3.48,0.219902733
2015/6/23,2.19,-0.854306493,2015/6/24,2.48,0.175956944,2015/7/9,5.76,-0.078492175,2015/7/14,-1.16,-0.280770755,2015/6/23,2.19,0.407473069,2015/7/3,-5.77,0.658137464
2015/6/24,2.48,-0.548862739,2015/6/25,-3.46,0.015846435,2015/7/10,4.54,-0.271551455,2015/7/16,0.46,-0.289225771,2015/6/24,2.48,-0.409408359,2015/7/6,2.41,0.122517237
2015/6/25,-3.46,-1.039575656,2015/6/26,-7.4,2.375570365,2015/7/13,2.39,-0.873208802,2015/7/17,3.51,-0.255405706,2015/6/25,-3.46,-0.355034658,2015/7/7,-1.29,1.924148909
2015/6/26,-7.4,-0.449969064,2015/6/29,-3.34,3.10750412,2015/7/14,-1.16,-1.054367168,2015/7/20,0.88,-0.272315739,2015/6/26,-7.4,4.168582426,2015/7/8,-5.9,2.313690893
2015/6/29,-3.34,2.878616767,2015/6/30,5.53,3.801316326,2015/7/15,-3.03,-1.049077873,2015/7/21,0.64,-0.280770755,2015/6/30,5.53,3.009166314,2015/7/9,5.76,0.365980976
2015/6/30,5.53,2.441732053,2015/7/1,-5.23,2.226896321,2015/7/16,0.46,-1.025276044,2015/7/22,0.21,-0.263860723,2015/7/1,-5.23,2.948020437,2015/7/10,4.54,2.459769136
2015/7/1,-5.23,4.806417511,2015/7/6,2.41,2.489935014,2015/7/17,3.51,-1.009408158,2015/7/23,2.43,-0.297680788,2015/7/6,2.41,4.898701486,2015/7/13,2.39,0.804215707
2015/7/6,2.41,4.617392893,2015/7/7,-1.29,3.301924024,2015/7/20,0.88,-0.904944575,2015/7/24,-1.29,-0.272315739,2015/7/9,5.76,5.248204641,2015/7/14,-1.16,0.317288228
2015/7/7,-1.29,3.481993363,2015/7/8,-5.9,4.792476619,2015/7/21,0.64,-0.912878518,2015/7/27,-8.48,-0.263860723,2015/7/10,4.54,2.23566607,2015/7/15,-3.03,-0.169639251
2015/7/10,4.54,3.534569747,2015/7/9,5.76,2.184962616,2015/7/22,0.21,-0.842795354,2015/7/29,3.44,-0.272315739,2015/7/13,2.39,0.292346082,2015/7/16,0.46,-0.559181234
2015/7/13,2.39,1.75949088,2015/7/10,4.54,1.369161451,2015/7/23,2.43,-0.689405789,2015/7/30,-2.2,-0.272315739,2015/7/14,-1.16,-0.08954574,2015/7/17,3.51,-0.510488486
2015/7/14,-1.16,0.157162988,2015/7/13,2.39,0.362752538,2015/7/24,-1.29,-0.701306703,2015/7/31,-1.13,-0.263860723,2015/7/15,-3.03,-0.138325035,2015/7/20,0.88,-0.364410242
2015/7/15,-3.03,-0.010580713,2015/7/14,-1.16,0.618166921,2015/7/27,-8.48,-0.701306703,2015/8/3,-1.11,-0.289225771,2015/7/16,0.46,-0.202709778,2015/7/21,0.64,-0.364410242
2015/7/16,0.46,0.028225666,2015/7/15,-3.03,-0.129015454,2015/7/28,-1.68,-0.616677978,2015/8/4,3.69,-0.289225771,2015/7/17,3.51,-0.968947109,2015/7/22,0.21,-0.65656673
2015/7/17,3.51,-0.818003752,2015/7/16,0.46,-0.365369062,2015/7/29,3.44,-0.624611921,2015/8/5,-1.65,1.520147708,2015/7/20,0.88,-0.766959607,2015/7/23,2.43,-0.315717495
2015/7/20,0.88,-0.411162686,2015/7/17,3.51,-0.567413276,2015/7/30,-2.2,-0.619322625,2015/8/6,-0.89,2.052813732,2015/7/21,0.64,-0.920756699,2015/7/24,-1.29,-0.023561007
2015/7/21,0.64,-0.143273491,2015/7/20,0.88,-0.365369062,2015/7/31,-1.13,-0.358824829,2015/8/7,2.26,-0.24695069,2015/7/22,0.21,-0.960408278,2015/7/27,-8.48,-0.510488486
2015/7/22,0.21,0.093320236,2015/7/21,0.64,-0.235755793,2015/8/3,-1.11,-0.580975234,2015/8/10,4.92,-0.103215414,2015/7/23,2.43,-1.02096527,2015/7/28,-1.68,0.025131741
2015/7/23,2.43,-0.511308179,2015/7/22,0.21,-0.258628723,2015/8/4,3.69,-0.239815683,2015/8/11,-0.01,0.006699798,2015/7/24,-1.29,-0.957856444,2015/7/29,3.44,-0.072253755
2015/7/24,-1.29,-0.699080979,2015/7/23,2.43,-0.704650855,2015/8/5,-1.65,-0.16973252,2015/8/12,-1.06,-0.221585641,2015/7/27,-8.48,0.090849317,2015/7/30,-2.2,-0.461795738
2015/7/27,-8.48,-0.777945555,2015/7/24,-1.29,-0.418739232,2015/8/6,-0.89,-0.075847527,2015/8/13,1.76,-0.221585641,2015/7/28,-1.68,0.065134679,2015/7/31,-1.13,-0.65656673
2015/7/28,-1.68,0.200976642,2015/7/27,-8.48,0.053967985,2015/8/7,2.26,-0.364114124,2015/8/14,0.27,-0.263860723,2015/7/29,3.44,-0.481743047,2015/8/3,-1.11,-0.315717495
2015/7/29,3.44,-0.595180029,2015/7/28,-1.68,0.038719365,2015/8/10,4.92,-0.51750369,2015/8/17,0.71,-0.0440303,2015/7/30,-2.2,-0.729663567,2015/8/4,3.69,-0.559181234
2015/7/30,-2.2,-0.659022781,2015/7/29,3.44,0.519050892,2015/8/11,-0.01,0.134401963,2015/8/18,-6.15,-0.221585641,2015/7/31,-1.13,-0.938128802,2015/8/5,-1.65,-0.218331999
2015/7/31,-1.13,-0.168309865,2015/7/30,-2.2,0.225514959,2015/8/12,-1.06,-0.423618697,2015/8/19,1.23,-0.213130625,2015/8/3,-1.11,-0.841649835,2015/8/6,-0.89,-0.023561007
2015/8/3,-1.11,-0.475005438,2015/7/31,-1.13,0.000597815,2015/8/13,1.76,-0.226592445,2015/8/20,-3.42,-0.255405706,2015/8/4,3.69,-0.403225068,2015/8/7,2.26,-0.461795738
2015/8/4,3.69,0.219753922,2015/8/3,-1.11,-0.262440878,2015/8/14,0.27,-0.491057213,2015/8/21,-4.27,-0.24695069,2015/8/5,-1.65,0.403350875,2015/8/10,4.92,-0.072253755
2015/8/5,-1.65,2.088719189,2015/8/4,3.69,-0.319623203,2015/8/17,0.71,0.033905352,2015/8/24,-8.49,-0.255405706,2015/8/6,-0.89,0.416110047,2015/8/11,-0.01,-0.120946503
2015/8/6,-0.89,2.121266474,2015/8/5,-1.65,1.758001259,2015/8/18,-6.15,-0.131385128,2015/8/25,-7.63,-0.238495674,2015/8/7,2.26,0.493253961,2015/8/12,-1.06,-0.41310299
2015/8/7,2.26,2.956229524,2015/8/6,-0.89,0.484741497,2015/8/19,1.23,-0.393205249,2015/8/26,-1.27,-0.280770755,2015/8/10,4.92,0.687684108,2015/8/13,1.76,-0.364410242
2015/8/10,4.92,1.809563627,2015/8/7,2.26,0.416122708,2015/8/20,-3.42,-0.020309926,2015/8/27,5.34,-0.297680788,2015/8/11,-0.01,0.545173975,2015/8/14,0.27,-0.315717495
2015/8/11,-0.01,3.030086825,2015/8/10,4.92,0.667724936,2015/8/21,-4.27,0.270601319,2015/8/28,4.82,-0.263860723,2015/8/12,-1.06,0.457822723,2015/8/17,0.71,-0.461795738
2015/8/12,-1.06,1.062227883,2015/8/11,-0.01,0.641039851,2015/8/24,-8.49,0.347296102,2015/8/31,-0.82,-0.272315739,2015/8/13,1.76,-0.137245413,2015/8/18,-6.15,-0.267024747
2015/8/13,1.76,-0.654015507,2015/8/12,-1.06,0.092089535,2015/8/25,-7.63,0.498041019,2015/9/1,-1.23,-0.255405706,2015/8/14,0.27,-0.276124089,2015/8/19,1.23,-0.315717495
2015/8/14,0.27,0.140889346,2015/8/13,1.76,0.156896169,2015/8/26,-1.27,0.254733433,2015/9/2,-0.2,-0.289225771,2015/8/17,0.71,0.077010523,2015/8/20,-3.42,-0.364410242
2015/8/17,0.71,-0.001817982,2015/8/14,0.27,0.191205564,2015/8/27,5.34,0.363163988,2015/9/8,2.92,-0.272315739,2015/8/18,-6.15,1.09637019,2015/8/21,-4.27,0.26859548
2015/8/18,-6.15,0.432563095,2015/8/17,0.71,-0.151888384,2015/8/28,4.82,0.556223268,2015/9/9,2.29,-0.289225771,2015/8/19,1.23,0.552927626,2015/8/24,-8.49,-0.218331999
2015/8/19,1.23,0.550234049,2015/8/18,-6.15,0.244575734,2015/8/31,-0.82,0.537710734,2015/9/10,-1.39,-0.297680788,2015/8/20,-3.42,-0.004353733,2015/8/25,-7.63,-0.510488486
2015/8/20,-3.42,0.138385708,2015/8/19,1.23,0.111150309,2015/9/1,-1.23,0.730770015,2015/9/14,-2.67,-0.297680788,2015/8/21,-4.27,0.256424106,2015/8/26,-1.27,-0.65656673
2015/8/21,-4.27,-0.505049086,2015/8/20,-3.42,-0.01846296,2015/9/2,-0.2,0.503330315,2015/9/15,-3.52,-0.272315739,2015/8/24,-8.49,2.699020295,2015/8/27,5.34,-0.267024747
2015/8/24,-8.49,-0.262196264,2015/8/21,-4.27,0.667724936,2015/9/7,-2.52,-0.349568562,2015/9/17,-2.1,-0.289225771,2015/8/25,-7.63,3.297916183,2015/8/28,4.82,-0.218331999
2015/8/25,-7.63,2.727146708,2015/8/24,-8.49,0.313194523,2015/9/8,2.92,0.2639897,2015/9/18,0.38,-0.297680788,2015/8/26,-1.27,2.472005188,2015/8/31,-0.82,-0.41310299
2015/8/26,-1.27,4.330726418,2015/8/25,-7.63,0.709658641,2015/9/9,2.29,0.425313208,2015/9/22,0.92,-0.289225771,2015/8/27,5.34,2.067932037,2015/9/1,-1.23,-0.559181234
2015/8/27,5.34,1.250000683,2015/8/26,-1.27,0.408498398,2015/9/10,-1.39,0.40547835,2015/9/23,-2.19,-0.263860723,2015/8/28,4.82,0.989193148,2015/9/2,-0.2,-0.559181234
2015/8/28,4.82,0.207235735,2015/8/27,5.34,0.404686243,2015/9/11,0.07,0.581347421,2015/9/24,0.86,-0.289225771,2015/8/31,-0.82,0.747848509,2015/9/7,-2.52,-0.607873982
2015/8/31,-0.82,3.732357096,2015/8/28,4.82,0.240763579,2015/9/14,-2.67,0.286469205,2015/9/25,-1.6,-0.289225771,2015/9/1,-1.23,1.156436444,2015/9/8,2.92,-0.510488486
2015/9/1,-1.23,0.741762305,2015/8/31,-0.82,0.198829874,2015/9/15,-3.52,0.117211753,2015/9/29,-2.02,-0.297680788,2015/9/2,-0.2,0.301473797,2015/9/9,2.29,-0.461795738
2015/9/2,-0.2,0.309884866,2015/9/1,-1.23,0.122586774,2015/9/16,4.89,0.599859955,2015/9/30,0.48,-0.24695069,2015/9/7,-2.52,-0.081693942,2015/9/10,-1.39,-0.607873982
2015/9/7,-2.52,1.322606166,2015/9/2,-0.2,0.111150309,2015/9/17,-2.1,1.454081155,2015/10/8,2.97,-0.289225771,2015/9/8,2.92,0.14826559,2015/9/11,0.07,-0.559181234
2015/9/8,2.92,-0.014336169,2015/9/7,-2.52,-0.117578989,2015/9/18,0.38,0.010103522,2015/10/9,1.27,-0.297680788,2015/9/9,2.29,0.091045612,2015/9/14,-2.67,-0.364410242
2015/9/9,2.29,-0.730376445,2015/9/8,2.92,-0.247192258,2015/9/21,1.89,1.082508156,2015/10/12,3.28,-0.297680788,2015/9/10,-1.39,0.009975798,2015/9/15,-3.52,-0.169639251
2015/9/10,-1.39,-0.381119038,2015/9/9,2.29,-0.159512694,2015/9/22,0.92,0.007458875,2015/10/14,-0.93,-0.297680788,2015/9/11,0.07,-0.371719728,2015/9/16,4.89,-0.315717495
2015/9/11,0.07,0.745517761,2015/9/10,-1.39,0.08827738,2015/9/23,-2.19,0.221675337,2015/10/15,2.32,-0.238495674,2015/9/14,-2.67,0.375771435,2015/9/17,-2.1,-0.461795738
2015/9/14,-2.67,-0.508804542,2015/9/11,0.07,-0.174761314,2015/9/24,0.86,-0.767422895,2015/10/16,1.6,-0.280770755,2015/9/15,-3.52,0.957098924,2015/9/18,0.38,-0.705259478
2015/9/15,-3.52,1.266274326,2015/9/14,-2.67,0.076840915,2015/9/25,-1.6,-0.789902401,2015/10/20,1.14,-0.297680788,2015/9/16,4.89,0.498161335,2015/9/21,1.89,-0.510488486
2015/9/16,4.89,0.69043774,2015/9/15,-3.52,0.05015583,2015/9/28,0.27,-0.64841375,2015/10/21,-3.06,-0.289225771,2015/9/17,-2.1,0.07867903,2015/9/22,0.92,-0.559181234
2015/9/17,-2.1,0.983363307,2015/9/16,4.89,0.084465225,2015/9/29,-2.02,-0.713207618,2015/10/22,1.45,-0.272315739,2015/9/18,0.38,-0.469082023,2015/9/23,-2.19,-0.559181234
2015/9/18,0.38,0.974600577,2015/9/17,-2.1,0.358940383,2015/9/30,0.48,-0.758166628,2015/10/23,1.3,-0.297680788,2015/9/21,1.89,-0.246483551,2015/9/24,0.86,-0.364410242
2015/9/21,1.89,0.805605057,2015/9/18,0.38,0.492365807,2015/10/8,2.97,-0.99618492,2015/10/26,0.5,-0.297680788,2015/9/22,0.92,-0.406856524,2015/9/25,-1.6,-0.65656673
2015/9/22,0.92,0.009448386,2015/9/21,1.89,0.126398929,2015/10/9,1.27,-0.686761141,2015/10/27,0.14,-0.221585641,2015/9/23,-2.19,-0.302918349,2015/9/28,0.27,-0.315717495
2015/9/23,-2.19,0.303625772,2015/9/22,0.92,-0.483545867,2015/10/12,3.28,0.463660599,2015/10/29,0.36,-0.297680788,2015/9/24,0.86,-0.522866839,2015/9/29,-2.02,-0.510488486
2015/9/24,0.86,0.272330306,2015/9/23,-2.19,-0.323435358,2015/10/13,0.17,0.648785937,2015/10/30,-0.14,-0.255405706,2015/9/25,-1.6,-0.691484199,2015/9/30,0.48,-0.315717495
2015/9/25,-1.6,0.794338689,2015/9/24,0.86,-0.433987852,2015/10/14,-0.93,0.50861961,2015/11/2,-1.7,0.15889009,2015/9/28,0.27,-0.701004504,2015/10/8,2.97,-0.510488486
2015/9/28,0.27,-0.026854355,2015/9/25,-1.6,-0.498794487,2015/10/15,2.32,1.005813374,2015/11/3,-0.25,-0.086305381,2015/9/29,-2.02,-0.474676429,2015/10/9,1.27,-0.510488486
2015/9/29,-2.02,-0.204612606,2015/9/28,0.27,-0.67796577,2015/10/16,1.6,0.216386041,2015/11/4,4.31,0.649281033,2015/9/30,0.48,-1.113027601,2015/10/12,3.28,-0.705259478
2015/9/30,0.48,-0.142021673,2015/9/29,-2.02,-0.601722671,2015/10/19,-0.14,0.868291694,2015/11/5,1.83,1.680793016,2015/10/8,2.97,-0.858236758,2015/10/13,0.17,-0.510488486
2015/10/8,2.97,-0.406155411,2015/9/30,0.48,-0.704650855,2015/10/20,1.14,0.556223268,2015/11/6,1.91,0.590095919,2015/10/9,1.27,-0.929393677,2015/10/14,-0.93,-0.41310299
2015/10/9,1.27,-0.045631635,2015/10/8,2.97,-0.712275165,2015/10/21,-3.06,-0.156509281,2015/11/9,1.58,-0.297680788,2015/10/12,3.28,-0.427173051,2015/10/15,2.32,-0.461795738
2015/10/12,3.28,-0.573899112,2015/10/9,1.27,-0.403490612,2015/10/22,1.45,-0.22130315,2015/11/10,-0.18,-0.230040657,2015/10/13,0.17,-0.714843298,2015/10/16,1.6,-0.510488486
2015/10/13,0.17,-0.503797267,2015/10/12,3.28,0.892642079,2015/10/23,1.3,-0.594198472,2015/11/11,0.27,-0.24695069,2015/10/14,-0.93,-0.562125828,2015/10/19,-0.14,-0.559181234
2015/10/14,-0.93,-0.993258365,2015/10/13,0.17,-0.064208819,2015/10/26,0.5,-0.737009447,2015/11/12,-0.48,-0.094760397,2015/10/15,2.32,-0.441895172,2015/10/20,1.14,-0.607873982
2015/10/15,2.32,-0.602690941,2015/10/14,-0.93,-0.209070708,2015/10/27,0.14,-0.730397828,2015/11/13,-1.43,-0.213130625,2015/10/16,1.6,-0.434730407,2015/10/21,-3.06,-0.65656673
2015/10/16,1.6,-0.130755305,2015/10/15,2.32,-0.205258553,2015/10/28,-1.72,-0.801803315,2015/11/16,0.73,-0.24695069,2015/10/19,-0.14,-0.352188381,2015/10/22,1.45,-0.267024747
2015/10/19,-0.14,-0.442458152,2015/10/16,1.6,0.076840915,2015/10/29,0.36,-0.514859042,2015/11/17,-0.06,-0.289225771,2015/10/20,1.14,-0.445428482,2015/10/23,1.3,-0.65656673
2015/10/20,1.14,-0.279721726,2015/10/19,-0.14,-0.414927077,2015/10/30,-0.14,-0.234526388,2015/11/18,-1.01,-0.272315739,2015/10/21,-3.06,0.145321165,2015/10/26,0.5,-0.364410242
2015/10/21,-3.06,0.035736578,2015/10/20,1.14,-0.311998893,2015/11/2,-1.7,-0.640479807,2015/11/19,1.36,-0.0440303,2015/10/22,1.45,0.139432317,2015/10/27,0.14,-0.510488486
2015/10/22,1.45,-0.267203539,2015/10/21,-3.06,-0.418739232,2015/11/3,-0.25,-0.418329402,2015/11/20,0.37,-0.272315739,2015/10/23,1.3,-0.376430807,2015/10/28,-1.72,-0.705259478
2015/10/23,1.3,0.003189293,2015/10/22,1.45,-0.071833129,2015/11/4,4.31,-0.733042475,2015/11/23,-0.56,-0.255405706,2015/10/26,0.5,-0.085816136,2015/10/29,0.36,-0.461795738
2015/10/26,0.5,-0.477509075,2015/10/23,1.3,-0.67796577,2015/11/5,1.83,-0.92742408,2015/11/24,0.16,-0.280770755,2015/10/27,0.14,0.008012849,2015/10/30,-0.14,-0.65656673
2015/10/27,0.14,0.606565889,2015/10/26,0.5,0.03490721,2015/11/6,1.91,-0.655025369,2015/11/25,0.88,-0.297680788,2015/10/28,-1.72,-0.429626738,2015/11/2,-1.7,-0.705259478
2015/10/28,-1.72,-0.252181715,2015/10/27,0.14,0.560984597,2015/11/9,1.58,-0.828249792,2015/11/26,-0.34,-0.272315739,2015/10/29,0.36,-0.509126192,2015/11/3,-0.25,-0.559181234
2015/10/29,0.36,-0.081934377,2015/10/28,-1.72,1.113747068,2015/11/10,-0.18,-0.898332955,2015/11/27,-5.48,-0.230040657,2015/10/30,-0.14,-0.644864149,2015/11/5,1.83,-0.607873982
2015/10/30,-0.14,0.302373954,2015/10/29,0.36,0.290321593,2015/11/11,0.27,-0.885109717,2015/11/30,0.26,-0.272315739,2015/11/2,-1.7,0.208626286,2015/11/6,1.91,-0.559181234
2015/11/2,-1.7,1.429010752,2015/10/30,-0.14,1.003194574,2015/11/12,-0.48,-0.68279417,2015/12/1,0.32,-0.280770755,2015/11/3,-0.25,-0.488515223,2015/11/9,1.58,-0.705259478
2015/11/3,-0.25,0.589040428,2015/11/2,-1.7,1.281481887,2015/11/13,-1.43,-0.587586853,2015/12/2,2.33,-0.263860723,2015/11/4,4.31,-0.111825217,2015/11/10,-0.18,-0.559181234
2015/11/4,4.31,-0.347319934,2015/11/3,-0.25,1.178553703,2015/11/16,0.73,-0.361469477,2015/12/3,1.35,-0.272315739,2015/11/5,1.83,-0.002587078,2015/11/11,0.27,-0.65656673
2015/11/5,1.83,-0.304758099,2015/11/4,4.31,1.304354817,2015/11/17,-0.06,-0.41436243,2015/12/4,-1.67,-0.280770755,2015/11/6,1.91,0.569220106,2015/11/12,-0.48,-0.559181234
2015/11/6,1.91,1.651834475,2015/11/5,1.83,2.204023391,2015/11/18,-1.01,-0.242460331,2015/12/7,0.34,0.048974879,2015/11/9,1.58,-0.775596585,2015/11/13,-1.43,-0.705259478
2015/11/9,1.58,-1.561584039,2015/11/6,1.91,1.723691864,2015/11/19,1.36,-0.216013854,2015/12/8,-1.89,-0.213130625,2015/11/10,-0.18,0.381169546,2015/11/16,0.73,-0.461795738
2015/11/10,-0.18,0.309884866,2015/11/9,1.58,2.013415642,2015/11/20,0.37,-0.374692715,2015/12/9,0.07,-0.272315739,2015/11/11,0.27,-0.142839819,2015/11/17,-0.06,-0.559181234
2015/11/11,0.27,-0.978236541,2015/11/10,-0.18,1.59789075,2015/11/23,-0.56,-0.1353521,2015/12/10,-0.49,-0.255405706,2015/11/12,-0.48,0.311288544,2015/11/18,-1.01,0.025131741
2015/11/12,-0.48,-0.428688147,2015/11/11,0.27,2.009603487,2015/11/24,0.16,-0.290063989,2015/12/11,-0.61,-0.204675609,2015/11/13,-1.43,0.147873,2015/11/19,1.36,-0.267024747
2015/11/13,-1.43,0.987118763,2015/11/12,-0.48,2.661481988,2015/11/25,0.88,-0.03221084,2015/12/14,2.51,-0.280770755,2015/11/16,0.73,-0.202317188,2015/11/20,0.37,-0.023561007
2015/11/16,0.73,-0.626475496,2015/11/13,-1.43,0.766840965,2015/11/26,-0.34,0.152914497,2015/12/15,-0.29,-0.196220592,2015/11/17,-0.06,0.249357488,2015/11/23,-0.56,-0.364410242
2015/11/17,-0.06,1.047206059,2015/11/16,0.73,-0.273877343,2015/11/27,-5.48,-0.270229132,2015/12/16,0.17,0.057429895,2015/11/18,-1.01,0.179280191,2015/11/24,0.16,-0.120946503
2015/11/18,-1.01,0.045751127,2015/11/17,-0.06,-0.281501653,2015/11/30,0.26,-0.148575338,2015/12/17,1.81,0.277260318,2015/11/19,1.36,-0.31999601,2015/11/25,0.88,-0.169639251
2015/11/19,1.36,-0.254685352,2015/11/18,-1.01,-0.67796577,2015/12/1,0.32,-0.03221084,2015/12/18,-0.03,0.065884911,2015/11/20,0.37,-0.6778417,2015/11/26,-0.34,-0.559181234
2015/11/20,0.37,-0.687814611,2015/11/19,1.36,-0.510230951,2015/12/2,2.33,-0.165765548,2015/12/21,1.77,-0.204675609,2015/11/23,-0.56,-0.250998335,2015/11/27,-5.48,-0.315717495
2015/11/23,-0.56,-0.707843709,2015/11/20,0.37,-0.628407756,2015/12/3,1.35,-0.048078727,2015/12/22,0.26,-0.230040657,2015/11/24,0.16,0.4412358,2015/11/30,0.26,-0.510488486
2015/11/24,0.16,-0.336053566,2015/11/23,-0.56,-0.109954679,2015/12/4,-1.67,0.278535262,2015/12/23,-0.43,-0.238495674,2015/11/25,0.88,0.207448516,2015/12/1,0.32,-0.65656673
2015/11/25,0.88,-0.272210814,2015/11/24,0.16,-0.327247513,2015/12/7,0.34,0.479528485,2015/12/24,-0.65,-0.230040657,2015/11/26,-0.34,-0.032227615,2015/12/2,2.33,-0.510488486
2015/11/26,-0.34,-0.090697107,2015/11/25,0.88,0.282697283,2015/12/8,-1.89,0.472916866,2015/12/25,0.43,-0.272315739,2015/11/27,-5.48,0.946498997,2015/12/3,1.35,-0.169639251
2015/11/27,-5.48,1.556696256,2015/11/26,-0.34,-0.037523735,2015/12/9,0.07,0.494074048,2015/12/28,-2.6,-0.289225771,2015/11/30,0.26,0.236402021,2015/12/4,-1.67,-0.218331999
2015/11/30,0.26,1.89093184,2015/11/27,-5.48,0.458056412,2015/12/10,-0.49,1.205484273,2015/12/29,0.85,-0.255405706,2015/12/1,0.32,0.112834351,2015/12/7,0.34,-0.218331999
2015/12/1,0.32,0.10834206,2015/11/30,0.26,0.160708324,2015/12/11,-0.61,0.654075232,2015/12/30,0.26,-0.289225771,2015/12/2,2.33,0.423176665,2015/12/8,-1.89,-0.607873982
2015/12/2,2.33,0.602810433,2015/12/1,0.32,-0.372993372,2015/12/14,2.51,-0.071880556,2015/12/31,-0.94,-0.289225771,2015/12/3,1.35,0.013116518,2015/12/9,0.07,-0.072253755
2015/12/3,1.35,-0.098208019,2015/12/2,2.33,-0.289125963,2015/12/15,-0.29,-0.137996748,2016/1/4,-6.86,-0.263860723,2015/12/4,-1.67,0.267612918,2015/12/10,-0.49,-0.218331999
2015/12/4,-1.67,1.741965419,2015/12/3,1.35,-0.220507173,2015/12/16,0.17,0.582669745,2016/1/5,-0.26,-0.213130625,2015/12/7,0.34,0.278114698,2015/12/11,-0.61,-0.510488486
2015/12/7,0.34,-0.05063891,2015/12/4,-1.67,-0.369181217,2015/12/17,1.81,0.927796267,2016/1/6,2.25,-0.255405706,2015/12/8,-1.89,0.373808485,2015/12/14,2.51,0.073824489
2015/12/8,-1.89,-0.298499006,2015/12/7,0.34,-0.69321439,2015/12/18,-0.03,0.697711919,2016/1/7,-7.04,-0.255405706,2015/12/9,0.07,0.716441317,2015/12/15,-0.29,-0.461795738
2015/12/9,0.07,-0.068164371,2015/12/8,-1.89,0.141647549,2015/12/21,1.77,0.382998845,2016/1/11,-5.33,-0.263860723,2015/12/10,-0.49,0.652547312,2015/12/16,0.17,0.025131741
2015/12/10,-0.49,0.686682284,2015/12/9,0.07,-0.277689498,2015/12/22,0.26,0.096054572,2016/1/12,0.2,-0.255405706,2015/12/11,-0.61,0.263981462,2015/12/17,1.81,-0.315717495
2015/12/11,-0.61,0.696696833,2015/12/10,-0.49,-0.426363542,2015/12/23,-0.43,0.582669745,2016/1/13,-2.42,-0.24695069,2015/12/14,2.51,0.477059628,2015/12/18,-0.03,-0.169639251
2015/12/14,2.51,-0.438702696,2015/12/11,-0.61,-0.536916036,2015/12/24,-0.65,0.578702773,2016/1/14,1.97,-0.255405706,2015/12/15,-0.29,0.148167442,2015/12/21,1.77,-0.120946503
2015/12/15,-0.29,-0.893112872,2015/12/14,2.51,-0.491170177,2015/12/25,0.43,0.289113853,2016/1/15,-3.55,-0.263860723,2015/12/16,0.17,0.511509391,2015/12/22,0.26,0.025131741
2015/12/16,0.17,-0.495034536,2015/12/15,-0.29,0.324630988,2015/12/28,-2.6,0.045806266,2016/1/18,0.44,-0.272315739,2015/12/17,1.81,0.788088974,2015/12/23,-0.43,-0.169639251
2015/12/17,1.81,-0.602690941,2015/12/16,0.17,0.667724936,2015/12/29,0.85,0.111922458,2016/1/19,3.22,-0.255405706,2015/12/18,-0.03,0.212846628,2015/12/24,-0.65,-0.41310299
2015/12/18,-0.03,0.168429356,2015/12/17,1.81,-0.224319328,2015/12/30,0.26,-0.175021815,2016/1/20,-1.03,-0.221585641,2015/12/21,1.77,0.517594535,2015/12/25,0.43,-0.461795738
2015/12/21,1.77,0.57777406,2015/12/18,-0.03,-0.517855261,2015/12/31,-0.94,-0.239815683,2016/1/21,-3.23,-0.238495674,2015/12/22,0.26,0.242487165,2015/12/28,-2.6,-0.218331999
2015/12/22,0.26,0.289855767,2015/12/21,1.77,-0.186197779,2016/1/4,-6.86,-0.16973252,2016/1/22,1.25,-0.280770755,2015/12/23,-0.43,0.47077819,2015/12/29,0.85,0.025131741
2015/12/23,-0.43,1.022169686,2015/12/22,0.26,-0.411114922,2016/1/5,-0.26,-0.013698307,2016/1/25,0.75,-0.255405706,2015/12/24,-0.65,0.579427444,2015/12/30,0.26,-0.267024747
2015/12/24,-0.65,0.321151234,2015/12/23,-0.43,-0.148076229,2016/1/6,2.25,-0.147253014,2016/1/26,-6.42,-0.280770755,2015/12/25,0.43,-0.236570657,2015/12/31,-0.94,-0.072253755
2015/12/25,0.43,-0.366097214,2015/12/24,-0.65,-0.510230951,2016/1/7,-7.04,0.015392818,2016/1/27,-0.52,-0.280770755,2015/12/28,-2.6,0.167109905,2016/1/4,-6.86,-0.218331999
2015/12/28,-2.6,-0.123244393,2015/12/25,0.43,-0.758021025,2016/1/8,1.97,0.090765277,2016/1/28,-2.92,-0.24695069,2015/12/29,0.85,0.108025125,2016/1/5,-0.26,-0.41310299
2015/12/29,0.85,0.377483073,2015/12/28,-2.6,-0.380617682,2016/1/11,-5.33,0.832588951,2016/1/29,3.09,-0.255405706,2015/12/30,0.26,-0.64908449,2016/1/6,2.25,-0.120946503
2015/12/30,0.26,-1.321234855,2015/12/29,0.85,-0.353932597,2016/1/12,0.2,0.874903314,2016/2/1,-1.78,-0.238495674,2015/12/31,-0.94,-0.153439746,2016/1/7,-7.04,0.073824489
2015/12/31,-0.94,0.218502103,2015/12/30,0.26,-0.475921557,2016/1/13,-2.42,0.201840479,2016/2/2,2.26,-0.213130625,2016/1/4,-6.86,2.644352152,2016/1/8,1.97,-0.41310299
2016/1/4,-6.86,1.952270954,2015/12/31,-0.94,0.04253152,2016/1/14,1.97,-0.308576523,2016/2/3,-0.38,0.116615009,2016/1/5,-0.26,1.518796919,2016/1/11,-5.33,0.025131741
2016/1/5,-0.26,0.949564204,2016/1/4,-6.86,0.134023239,2016/1/15,-3.55,-0.557173405,2016/2/5,-0.63,2.746125065,2016/1/6,2.25,0.626930821,2016/1/12,0.2,-0.607873982
2016/1/6,2.25,-0.036868905,2016/1/5,-0.26,0.339879608,2016/1/18,0.44,-0.603454739,2016/2/15,-0.63,-0.137035479,2016/1/7,-7.04,4.249946682,2016/1/13,-2.42,-0.364410242
2016/1/8,1.97,2.026128256,2016/1/6,2.25,-0.331059668,2016/1/19,3.22,-0.583619882,2016/2/16,3.29,-0.052485316,2016/1/8,1.97,1.256252425,2016/1/14,1.97,-0.218331999
2016/1/11,-5.33,0.696696833,2016/1/7,-7.04,1.331039902,2016/1/20,-1.03,-0.41436243,2016/2/17,1.08,-0.238495674,2016/1/11,-5.33,1.383451552,2016/1/15,-3.55,-0.364410242
2016/1/12,0.2,0.997133313,2016/1/8,1.97,-0.186197779,2016/1/21,-3.23,-0.662959312,2016/2/18,-0.16,-0.289225771,2016/1/12,0.2,1.634218348,2016/1/18,0.44,-0.461795738
2016/1/13,-2.42,0.592795884,2016/1/11,-5.33,0.438995637,2016/1/22,1.25,-0.514859042,2016/2/19,-0.1,-0.272315739,2016/1/13,-2.42,1.582690924,2016/1/19,3.22,-0.267024747
2016/1/14,1.97,0.32490669,2016/1/12,0.2,0.591481836,2016/1/25,0.75,-0.37998201,2016/2/22,2.35,-0.24695069,2016/1/14,1.97,1.677010647,2016/1/20,-1.03,-0.461795738
2016/1/15,-3.55,0.372475799,2016/1/13,-2.42,0.934575784,2016/1/26,-6.42,-0.657670017,2016/2/23,-0.81,-0.137035479,2016/1/15,-3.55,1.571109522,2016/1/21,-3.23,-0.218331999
2016/1/18,0.44,0.406274903,2016/1/14,1.97,0.625791231,2016/1/27,-0.52,-0.723786209,2016/2/24,0.88,-0.213130625,2016/1/18,0.44,0.749418869,2016/1/22,1.25,-0.218331999
2016/1/19,3.22,-0.731628264,2016/1/15,-3.55,1.231923872,2016/1/28,-2.92,-0.766100571,2016/2/25,-6.41,-0.196220592,2016/1/19,3.22,0.539186979,2016/1/25,0.75,-0.267024747
2016/1/20,-1.03,-0.43494724,2016/1/18,0.44,-0.121391144,2016/1/29,3.09,-0.812381906,2016/2/26,0.95,-0.297680788,2016/1/20,-1.03,0.425924794,2016/1/26,-6.42,-0.120946503
2016/1/21,-3.23,-0.469998163,2016/1/19,3.22,-0.533103881,2016/2/1,-1.78,-1.043788578,2016/2/29,-2.86,-0.297680788,2016/1/21,-3.23,0.613680912,2016/1/27,-0.52,-0.315717495
2016/1/22,1.25,-0.124496211,2016/1/20,-1.03,-0.304374583,2016/2/2,2.26,-1.026598368,2016/3/1,1.68,-0.297680788,2016/1/22,1.25,0.799670376,2016/1/28,-2.92,-0.267024747
2016/1/25,0.75,-0.940681981,2016/1/21,-3.23,-0.372993372,2016/2/3,-0.38,-1.062301111,2016/3/2,4.26,-0.297680788,2016/1/25,0.75,0.036573764,2016/1/29,3.09,-0.120946503
2016/1/26,-6.42,-0.123244393,2016/1/22,1.25,-0.460672937,2016/2/4,1.53,-1.050400197,2016/3/4,0.5,-0.289225771,2016/1/26,-6.42,1.678973596,2016/2/1,-1.78,-0.315717495
2016/1/27,-0.52,-0.080682558,2016/1/25,0.75,-0.060396664,2016/2/5,-0.63,-1.063623435,2016/3/7,0.81,0.125070025,2016/1/27,-0.52,1.440867824,2016/2/2,2.26,-0.364410242
2016/1/28,-2.92,0.114601154,2016/1/26,-6.42,0.461868567,2016/2/15,-0.63,-0.558495729,2016/3/8,0.14,-0.17931056,2016/1/28,-2.92,0.994689407,2016/2/3,-0.38,-0.023561007
2016/1/29,3.09,-0.203360787,2016/1/27,-0.52,2.486122859,2016/2/16,3.29,-0.637835159,2016/3/9,-1.34,-0.272315739,2016/1/29,3.09,-0.022511015,2016/2/15,-0.63,-0.41310299
2016/2/1,-1.78,-0.592676392,2016/1/28,-2.92,1.555957045,2016/2/17,1.08,-0.783290781,2016/3/10,-2.02,-0.297680788,2016/2/1,-1.78,0.232083533,2016/2/16,3.29,-0.267024747
2016/2/2,2.26,-0.49127908,2016/1/29,3.09,0.583857526,2016/2/18,-0.16,-0.684116493,2016/3/14,1.75,-0.297680788,2016/2/2,2.26,0.065919859,2016/2/17,1.08,-0.267024747
2016/2/3,-0.38,-0.39739268,2016/2/1,-1.78,-0.201446398,2016/2/19,-0.1,-0.743621066,2016/3/21,2.15,-0.297680788,2016/2/3,-0.38,-0.445428482,2016/2/18,-0.16,0.171209985
2016/2/4,1.53,-1.227348455,2016/2/2,2.26,-0.338683978,2016/2/22,2.35,-0.390560601,2016/3/22,-0.64,-0.297680788,2016/2/4,1.53,-0.670382492,2016/2/19,-0.1,0.122517237
2016/2/5,-0.63,-1.864524156,2016/2/3,-0.38,0.229327114,2016/2/23,-0.81,-0.432874964,2016/3/23,0.35,-0.289225771,2016/2/5,-0.63,0.525250038,2016/2/22,2.35,-0.315717495
2016/2/15,-0.63,-1.774393212,2016/2/4,1.53,0.130211084,2016/2/24,0.88,-0.373370391,2016/3/24,-1.63,-0.289225771,2016/2/15,-0.63,-0.287509196,2016/2/23,-0.81,-0.461795738
2016/2/16,3.29,-0.611453672,2016/2/5,-0.63,-0.712275165,2016/2/25,-6.41,-0.44874285,2016/3/25,0.61,-0.120125446,2016/2/16,3.29,0.223053965,2016/2/24,0.88,-0.364410242
2016/2/17,1.08,-0.843040125,2016/2/15,-0.63,-0.76945749,2016/2/26,0.95,-0.668248607,2016/3/28,-0.72,-0.280770755,2016/2/17,1.08,0.734794895,2016/2/25,-6.41,-0.559181234
2016/2/18,-0.16,-0.906882877,2016/2/16,3.29,-0.76945749,2016/2/29,-2.86,-0.509569747,2016/3/29,-1.28,-0.289225771,2016/2/18,-0.16,0.36428818,2016/2/26,0.95,-0.41310299
2016/2/19,-0.1,-0.543855464,2016/2/17,1.08,-0.563601121,2016/3/1,1.68,-0.530726928,2016/3/31,0.11,-0.297680788,2016/2/19,-0.1,-0.212917115,2016/2/29,-2.86,-0.607873982
2016/2/22,2.35,-0.92315652,2016/2/18,-0.16,-0.590286206,2016/3/2,4.26,-0.558495729,2016/4/1,0.19,-0.289225771,2016/2/22,2.35,-0.097201243,2016/3/1,1.68,-0.023561007
2016/2/23,-0.81,-1.122195688,2016/2/19,-0.1,-0.319623203,2016/3/3,0.35,-0.430230316,2016/4/5,1.45,-0.297680788,2016/2/23,-0.81,0.123728721,2016/3/2,4.26,-0.023561007
2016/2/24,0.88,-1.211074813,2016/2/22,2.35,-0.517855261,2016/3/4,0.5,-0.320477437,2016/4/6,-0.08,-0.297680788,2016/2/24,0.88,0.157884042,2016/3/3,0.35,-0.072253755
2016/2/25,-6.41,-0.545107283,2016/2/23,-0.81,-0.601722671,2016/3/7,0.81,-0.000475068,2016/4/7,-1.38,-0.280770755,2016/2/25,-6.41,1.121005206,2016/3/4,0.5,-0.315717495
2016/2/26,0.95,-0.184583507,2016/2/24,0.88,-0.258628723,2016/3/8,0.14,-0.290063989,2016/4/8,-0.78,-0.297680788,2016/2/26,0.95,0.268496245,2016/3/7,0.81,-0.364410242
2016/2/29,-2.86,-0.577654568,2016/2/25,-6.41,0.385625468,2016/3/9,-1.34,0.78762994,2016/4/11,1.64,-0.289225771,2016/2/29,-2.86,0.986739461,2016/3/8,0.14,-0.023561007
2016/3/1,1.68,-0.33229811,2016/2/26,0.95,0.83927191,2016/3/10,-2.02,0.980689221,2016/4/12,-0.34,-0.297680788,2016/3/1,1.68,0.903902993,2016/3/9,-1.34,0.073824489
2016/3/2,4.26,-0.43494724,2016/2/29,-2.86,0.111150309,2016/3/11,0.2,-0.189567377,2016/4/14,0.51,-0.255405706,2016/3/2,4.26,1.039837245,2016/3/10,-2.02,-0.461795738
2016/3/3,0.35,-0.843040125,2016/3/1,1.68,0.092089535,2016/3/14,1.75,-0.223947797,2016/4/18,-1.44,-0.280770755,2016/3/3,0.35,0.435052509,2016/3/11,0.2,-0.510488486
2016/3/4,0.5,-0.41616996,2016/3/2,4.26,-0.121391144,2016/3/15,0.17,-0.229237093,2016/4/19,0.3,-0.297680788,2016/3/4,0.5,0.416698931,2016/3/15,0.17,-0.753952226
2016/3/7,0.81,-0.264699902,2016/3/3,0.35,0.195017719,2016/3/16,0.21,-0.08378147,2016/4/21,-0.66,-0.289225771,2016/3/7,0.81,0.123826869,2016/3/16,0.21,-0.607873982
2016/3/8,0.14,-0.687814611,2016/3/4,0.5,-0.029899425,2016/3/17,1.2,-0.094360061,2016/4/22,0.22,-0.297680788,2016/3/8,0.14,0.363404853,2016/3/21,2.15,-0.705259478
2016/3/9,-1.34,0.120860247,2016/3/7,0.81,-0.456860782,2016/3/18,1.73,-0.550561786,2016/4/25,-0.42,-0.289225771,2016/3/9,-1.34,0.505816838,2016/3/22,-0.64,-0.559181234
2016/3/10,-2.02,-0.592676392,2016/3/8,0.14,-0.487358022,2016/3/21,2.15,-0.144608367,2016/4/27,-0.37,-0.230040657,2016/3/10,-2.02,0.280470237,2016/3/23,0.35,-0.510488486
2016/3/11,0.2,-1.930870545,2016/3/9,-1.34,-0.083269594,2016/3/22,-0.64,0.60514925,2016/4/28,-0.27,-0.255405706,2016/3/11,0.2,-1.913616547,2016/3/24,-1.63,0.025131741
2016/3/21,2.15,-1.820710503,2016/3/10,-2.02,-0.392054147,2016/3/23,0.35,1.054739356,2016/4/29,-0.25,-0.221585641,2016/3/21,2.15,-0.924486303,2016/3/25,0.61,-0.41310299
2016/3/22,-0.64,0.132126615,2016/3/11,0.2,-1.337468581,2016/3/24,-1.63,1.312592504,2016/5/3,1.85,-0.297680788,2016/3/22,-0.64,0.730378259,2016/3/28,-0.72,-0.753952226
2016/3/23,0.35,0.040743853,2016/3/17,1.2,-0.975313858,2016/3/25,0.61,1.951274919,2016/5/4,-0.05,-0.272315739,2016/3/23,0.35,0.949443421,2016/3/29,-1.28,-0.461795738
2016/3/24,-1.63,-0.239663529,2016/3/21,2.15,-1.249789017,2016/3/28,-0.72,1.488461575,2016/5/5,0.22,-0.297680788,2016/3/24,-1.63,0.750694786,2016/3/30,2.77,-0.510488486
2016/3/25,0.61,-1.015791101,2016/3/22,-0.64,-0.727523785,2016/3/29,-1.28,-0.087748442,2016/5/9,-2.79,-0.297680788,2016/3/25,0.61,0.310895954,2016/3/31,0.11,-0.65656673
2016/3/28,-0.72,-0.794219197,2016/3/23,0.35,-0.834264124,2016/3/30,2.77,1.18036012,2016/5/10,0.02,-0.280770755,2016/3/28,-0.72,0.598468054,2016/4/1,0.19,-0.753952226
2016/3/29,-1.28,-0.910638333,2016/3/24,-1.63,-0.479733712,2016/3/31,0.11,1.091764423,2016/5/11,0.16,-0.280770755,2016/3/29,-1.28,0.608184653,2016/4/5,1.45,-0.607873982
2016/3/30,2.77,-0.840536488,2016/3/25,0.61,-0.395866302,2016/4/1,0.19,0.548289325,2016/5/12,-0.04,-0.297680788,2016/3/30,2.77,0.594738449,2016/4/6,-0.08,-0.607873982
2016/3/31,0.11,-1.199808445,2016/3/29,-1.28,5.112697637,2016/4/5,1.45,1.484494604,2016/5/13,-0.31,-0.289225771,2016/3/31,0.11,0.930697254,2016/4/7,-1.38,-0.753952226
2016/4/1,0.19,-0.724117352,2016/3/30,2.77,3.202807994,2016/4/6,-0.08,1.889125698,2016/5/16,0.84,-0.289225771,2016/4/1,0.19,0.318355162,2016/4/8,-0.78,-0.65656673
2016/4/5,1.45,-0.818003752,2016/3/31,0.11,4.845846789,2016/4/7,-1.38,1.963175834,2016/5/17,-0.25,-0.289225771,2016/4/5,1.45,0.939039789,2016/4/11,1.64,-0.510488486
2016/4/6,-0.08,-1.038323837,2016/4/1,0.19,3.984299764,2016/4/8,-0.78,1.856067603,2016/5/18,-1.27,-0.263860723,2016/4/6,-0.08,0.952289698,2016/4/12,-0.34,-0.65656673
2016/4/7,-1.38,-0.667785512,2016/4/5,1.45,3.416288673,2016/4/11,1.64,2.878223931,2016/5/24,-0.77,-0.289225771,2016/4/7,-1.38,0.64871956,2016/4/13,1.42,-0.65656673
2016/4/8,-0.78,-0.254685352,2016/4/6,-0.08,4.63999042,2016/4/12,-0.34,3.781371113,2016/5/25,-0.23,-0.297680788,2016/4/8,-0.78,0.626047494,2016/4/14,0.51,-0.753952226
2016/4/11,1.64,-0.513811816,2016/4/7,-1.38,1.132807843,2016/4/13,1.42,3.154589613,2016/5/26,0.26,-0.297680788,2016/4/11,1.64,1.082040659,2016/4/15,-0.14,-0.753952226
2016/4/12,-0.34,-0.874335592,2016/4/8,-0.78,-0.571225431,2016/4/14,0.51,0.791596912,2016/5/30,0.05,-0.280770755,2016/4/12,-0.34,0.866116216,2016/4/19,0.3,-0.705259478
2016/4/13,1.42,-0.751657363,2016/4/11,1.64,-0.308186738,2016/4/15,-0.14,2.449791006,2016/5/31,3.34,-0.280770755,2016/4/13,1.42,1.557172581,2016/4/20,-2.31,-0.607873982
2016/4/14,0.51,-0.90437924,2016/4/12,-0.34,-0.571225431,2016/4/18,-1.44,4.180712913,2016/6/2,0.4,-0.297680788,2016/4/14,0.51,0.853553339,2016/4/21,-0.66,-0.705259478
2016/4/15,-0.14,-1.243622098,2016/4/13,1.42,-0.67796577,2016/4/19,0.3,,2016/6/3,0.46,-0.263860723,2016/4/15,-0.14,0.552633183,2016/4/22,0.22,-0.607873982
2016/4/18,-1.44,-1.239866642,2016/4/14,0.51,-0.273877343,2016/4/20,-2.31,1.68284318,2016/6/6,-0.16,-0.272315739,2016/4/18,-1.44,0.914993658,2016/4/25,-0.42,-0.65656673
2016/4/19,0.3,-1.01704292,2016/4/15,-0.14,3.225680924,2016/4/21,-0.66,1.492428547,2016/6/8,-0.3,-0.297680788,2016/4/19,0.3,1.072324059,2016/4/26,0.61,-0.607873982
2016/4/20,-2.31,-0.824262845,2016/4/18,-1.44,-0.845700589,2016/4/22,0.22,1.696066418,2016/6/13,-3.21,-0.297680788,2016/4/20,-2.31,1.497498917,2016/4/27,-0.37,-0.41310299
2016/4/21,-0.66,1.415240747,2016/4/19,0.3,1.247172492,2016/4/25,-0.42,1.280856732,2016/6/14,0.32,-0.297680788,2016/4/21,-0.66,1.640990524,2016/4/28,-0.27,-0.218331999
2016/4/22,0.22,-0.625223677,2016/4/20,-2.31,-0.67796577,2016/4/26,0.61,2.477559807,2016/6/15,1.58,-0.297680788,2016/4/22,0.22,1.571011375,2016/4/29,-0.25,-0.559181234
2016/4/25,-0.42,-0.555121832,2016/4/21,-0.66,-0.552164656,2016/4/27,-0.37,2.765826404,2016/6/16,-0.5,-0.272315739,2016/4/25,-0.42,1.081157331,2016/5/3,1.85,-0.65656673
2016/4/26,0.61,-1.258643922,2016/4/22,0.22,-0.521667416,2016/4/28,-0.27,1.567801005,2016/6/17,0.43,-0.24695069,2016/4/26,0.61,1.223471169,2016/5/4,-0.05,-0.753952226
2016/4/27,-0.37,-1.187290258,2016/4/25,-0.42,-0.552164656,2016/4/29,-0.25,0.349940749,2016/6/20,0.13,-0.289225771,2016/4/27,-0.37,1.17056968,2016/5/5,0.22,-0.559181234
2016/4/28,-0.27,-0.541351827,2016/4/26,0.61,4.335018022,2016/5/3,1.85,0.302337091,2016/6/21,-0.35,-0.263860723,2016/4/28,-0.27,1.22886928,2016/5/6,-2.82,-0.607873982
2016/4/29,-0.25,-0.010580713,2016/4/27,-0.37,-0.681777925,2016/5/4,-0.05,0.631595727,2016/6/22,0.94,-0.289225771,2016/4/29,-0.25,0.188407907,2016/5/9,-2.79,-0.315717495
2016/5/3,1.85,1.270029782,2016/4/28,-0.27,-0.064208819,2016/5/5,0.22,-0.537338547,2016/6/23,-0.47,-0.280770755,2016/5/3,1.85,1.102553481,2016/5/10,0.02,-0.510488486
2016/5/4,-0.05,-0.766679187,2016/4/29,-0.25,-0.735148095,2016/5/6,-2.82,-0.082459146,2016/6/24,-1.3,-0.289225771,2016/5/4,-0.05,1.01942257,2016/5/11,0.16,-0.41310299
2016/5/5,0.22,-0.67905188,2016/5/3,1.85,-0.555976811,2016/5/9,-2.79,0.47423919,2016/6/27,1.45,-0.289225771,2016/5/5,0.22,0.932463908,2016/5/12,-0.04,-0.41310299
2016/5/6,-2.82,-0.986999272,2016/5/4,-0.05,-0.712275165,2016/5/10,0.02,-0.196178997,2016/6/28,0.58,-0.289225771,2016/5/6,-2.82,1.350375853,2016/5/13,-0.31,-0.461795738
2016/5/9,-2.79,-0.25718899,2016/5/5,0.22,-0.597910516,2016/5/11,0.16,-0.672215579,2016/6/29,0.65,-0.289225771,2016/5/9,-2.79,1.356755439,2016/5/16,0.84,-0.559181234
2016/5/10,0.02,-0.701584616,2016/5/6,-2.82,-0.433987852,2016/5/12,-0.04,-0.787257753,2016/6/30,-0.07,-0.272315739,2016/5/10,0.02,1.120710763,2016/5/17,-0.25,-0.315717495
2016/5/11,0.16,-0.709095528,2016/5/9,-2.79,-0.552164656,2016/5/13,-0.31,-1.043788578,2016/7/1,0.1,-0.255405706,2016/5/11,0.16,0.675808263,2016/5/18,-1.27,-0.41310299
2016/5/12,-0.04,-1.130958418,2016/5/10,0.02,-0.582661896,2016/5/16,0.84,-0.882465069,2016/7/4,1.91,-0.24695069,2016/5/12,-0.04,0.812822137,2016/5/19,-0.02,-0.607873982
2016/5/13,-0.31,-1.370055783,2016/5/12,-0.04,0.168332634,2016/5/17,-0.25,-0.301964904,2016/7/5,0.6,-0.280770755,2016/5/13,-0.31,0.180359814,2016/5/20,0.66,-0.315717495
2016/5/16,0.84,-0.268455358,2016/5/13,-0.31,0.053967985,2016/5/18,-1.27,-0.393205249,2016/7/6,0.36,1.224222139,2016/5/16,0.84,0.566668272,2016/5/23,0.64,-0.364410242
2016/5/17,-0.25,-0.964466536,2016/5/16,0.84,-0.270065188,2016/5/19,-0.02,-0.439486583,2016/7/8,-0.95,7.151188534,2016/5/17,-0.25,0.582175573,2016/5/24,-0.77,-0.364410242
2016/5/18,-1.27,-1.178527527,2016/5/17,-0.25,-0.231943638,2016/5/20,0.66,-0.192212025,2016/7/11,0.23,2.881405325,2016/5/18,-1.27,0.931678728,2016/5/25,-0.23,-0.510488486
2016/5/19,-0.02,-2.740797222,2016/5/18,-1.27,-0.376805527,2016/5/23,0.64,0.189939565,2016/7/12,1.82,0.962116635,2016/5/19,-0.02,-1.565781899,2016/5/26,0.26,1.778070666
2016/5/20,0.66,-1.378818514,2016/5/20,0.66,-0.79233042,2016/5/24,-0.77,-0.83089444,2016/7/13,0.37,0.065884911,2016/5/20,0.66,0.06160137,2016/5/27,-0.05,0.658137464
2016/5/23,0.64,1.780771797,2016/5/23,0.64,-0.834264124,2016/5/25,-0.23,-0.844117678,2016/7/14,-0.22,-0.221585641,2016/5/23,0.64,0.54379991,2016/5/30,0.05,-0.559181234
2016/5/24,-0.77,-1.020798376,2016/5/24,-0.77,-0.647468531,2016/5/26,0.26,-0.957837528,2016/7/15,0.01,-0.17931056,2016/5/24,-0.77,0.125691671,2016/5/31,3.34,0.073824489
2016/5/25,-0.23,-0.930667432,2016/5/25,-0.23,-0.433987852,2016/5/27,-0.05,-0.903622251,2016/7/18,-0.35,-0.137035479,2016/5/25,-0.23,0.396676847,2016/6/1,-0.11,-0.607873982
2016/5/26,0.26,-1.204815719,2016/5/26,0.26,-0.571225431,2016/5/30,0.05,-0.883787393,2016/7/19,-0.23,-0.196220592,2016/5/26,0.26,-0.112315954,2016/6/2,0.4,-0.65656673
2016/5/27,-0.05,-0.953200168,2016/5/27,-0.05,-0.178573469,2016/5/31,3.34,-0.928746404,2016/7/20,-0.29,-0.187765576,2016/5/27,-0.05,-0.109273383,2016/6/3,0.46,-0.65656673
2016/5/30,0.05,-0.830521939,2016/5/30,0.05,-0.586474051,2016/6/1,-0.11,-1.045110902,2016/7/21,0.37,-0.094760397,2016/5/30,0.05,-0.102403059,2016/6/6,-0.16,-0.607873982
2016/5/31,3.34,-1.28868757,2016/5/31,3.34,-0.681777925,2016/6/2,0.4,-1.049077873,2016/7/22,-0.86,-0.230040657,2016/5/31,3.34,0.700835869,2016/6/7,0.07,-0.315717495
2016/6/1,-0.11,-0.79171556,2016/6/1,-0.11,-1.204043157,2016/6/3,0.46,-1.013375129,2016/7/25,0.1,-0.213130625,2016/6/1,-0.11,0.085353059,2016/6/8,-0.3,-0.510488486
2016/6/2,0.4,-1.07337476,2016/6/2,0.4,-1.112551438,2016/6/6,-0.16,0.539033058,2016/7/26,1.14,-0.238495674,2016/6/2,0.4,-0.587251582,2016/6/13,-3.21,-0.705259478
2016/6/3,0.46,-0.997013821,2016/6/3,0.46,-0.948628774,2016/6/7,0.07,1.424990031,2016/7/27,-1.91,-0.204675609,2016/6/3,0.46,-0.309788672,2016/6/14,0.32,-0.705259478
2016/6/6,-0.16,-1.433898535,2016/6/6,-0.16,-0.643656376,2016/6/8,-0.3,1.840199716,2016/7/28,0.08,-0.238495674,2016/6/6,-0.16,-0.129393615,2016/6/15,1.58,-0.41310299
2016/6/7,0.07,-0.774190099,2016/6/7,0.07,-0.906695069,2016/6/13,-3.21,0.02993838,2016/7/29,-0.5,-0.238495674,2016/6/7,0.07,-0.106525253,2016/6/16,-0.5,-0.364410242
2016/6/8,-0.3,-1.172268434,2016/6/8,-0.3,-0.883822139,2016/6/14,0.32,0.47423919,2016/8/1,-0.87,-0.289225771,2016/6/8,-0.3,-0.256200151,2016/6/17,0.43,-0.315717495
2016/6/13,-3.21,0.1646739,2016/6/13,-3.21,-0.834264124,2016/6/15,1.58,0.905316762,2016/8/2,0.61,-0.272315739,2016/6/13,-3.21,-0.116143706,2016/6/20,0.13,-0.607873982
2016/6/14,0.32,-0.124496211,2016/6/14,0.32,-0.69321439,2016/6/16,-0.5,0.051095561,2016/8/3,0.24,-0.280770755,2016/6/14,0.32,0.37478996,2016/6/21,-0.35,-0.753952226
2016/6/15,1.58,0.98085967,2016/6/15,1.58,-0.582661896,2016/6/17,0.43,0.713579805,2016/8/4,0.13,-0.263860723,2016/6/15,1.58,0.78200383,2016/6/22,0.94,-0.559181234
2016/6/16,-0.5,-0.132007123,2016/6/16,-0.5,-0.296750273,2016/6/20,0.13,0.724158396,2016/8/5,-0.19,-0.263860723,2016/6/16,-0.5,0.325225485,2016/6/23,-0.47,0.219902733
2016/6/17,0.43,0.473873111,2016/6/17,0.43,-0.632219911,2016/6/21,-0.35,1.071929566,2016/8/8,0.93,-0.263860723,2016/6/17,0.43,0.107926978,2016/6/24,-1.3,-0.559181234
2016/6/20,0.13,0.129622978,2016/6/20,0.13,-0.963877394,2016/6/22,0.94,0.032583028,2016/8/9,0.71,-0.255405706,2016/6/20,0.13,0.211472563,2016/6/27,1.45,-0.41310299
2016/6/21,-0.35,0.664149548,2016/6/21,-0.35,-1.085866353,2016/6/23,-0.47,-1.047755549,2016/8/10,-0.23,-0.24695069,2016/6/21,-0.35,0.676004558,2016/6/28,0.58,-0.510488486
2016/6/22,0.94,1.586739904,2016/6/22,0.94,-0.68559008,2016/6/24,-1.3,-1.046433225,2016/8/11,-0.53,-0.280770755,2016/6/22,0.94,0.281746154,2016/6/29,0.65,-0.65656673
2016/6/23,-0.47,0.035736578,2016/6/23,-0.47,-0.773269645,2016/6/27,1.45,-1.051722521,2016/8/12,1.6,-0.289225771,2016/6/23,-0.47,-0.201924598,2016/6/30,-0.07,-0.607873982
2016/6/24,-1.3,2.554395732,2016/6/24,-1.3,-0.506418797,2016/6/28,0.58,-1.04114393,2016/8/15,2.44,-0.24695069,2016/6/24,-1.3,0.754718832,2016/7/1,0.1,-0.65656673
2016/6/27,1.45,1.340131627,2016/6/27,1.45,-0.944816619,2016/6/29,0.65,-1.05833414,2016/8/16,-0.49,-0.238495674,2016/6/27,1.45,-0.015935135,2016/7/4,1.91,0.025131741
2016/6/28,0.58,1.81582272,2016/6/28,0.58,-0.742772405,2016/6/30,-0.07,-1.059656464,2016/8/17,-0.02,-0.280770755,2016/6/28,0.58,0.16573584,2016/7/5,0.6,-0.559181234
2016/6/29,0.65,1.236230678,2016/6/29,0.65,-0.681777925,2016/7/1,0.1,-1.053044845,2016/8/18,-0.17,-0.230040657,2016/6/29,0.65,0.073575362,2016/7/6,0.36,-0.705259478
2016/6/30,-0.07,3.000043177,2016/6/30,-0.07,-0.76945749,2016/7/4,1.91,-1.057011816,2016/8/19,0.13,-0.255405706,2016/6/30,-0.07,0.086727123,2016/7/7,-0.01,-0.559181234
2016/7/1,0.1,2.086215552,2016/7/1,0.1,-0.369181217,2016/7/5,0.6,-1.021309072,2016/8/22,-0.75,-0.24695069,2016/7/1,0.1,-0.036546104,2016/7/8,-0.95,-0.65656673
2016/7/4,1.91,1.068486977,2016/7/4,1.91,-0.960065239,2016/7/6,0.36,-0.66560396,2016/8/23,0.16,-0.255405706,2016/7/4,1.91,0.32620696,2016/7/11,0.23,-0.607873982
2016/7/5,0.6,0.256056663,2016/7/5,0.6,-0.628407756,2016/7/7,-0.01,-0.580975234,2016/8/24,-0.12,-0.280770755,2016/7/5,0.6,0.071808707,2016/7/12,1.82,-0.364410242
2016/7/6,0.36,0.279841218,2016/7/6,0.36,-0.937192309,2016/7/8,-0.95,-0.50031348,2016/8/25,-0.57,-0.230040657,2016/7/6,0.36,0.193511575,2016/7/13,0.37,-0.267024747
2016/7/7,-0.01,0.362461249,2016/7/7,-0.01,-0.868573519,2016/7/11,0.23,0.011425846,2016/8/26,0.06,-0.263860723,2016/7/7,-0.01,0.450657957,2016/7/14,-0.22,-0.607873982
2016/7/8,-0.95,1.413988928,2016/7/8,-0.95,-0.658904996,2016/7/12,1.82,0.003491903,2016/8/29,-0.01,-0.263860723,2016/7/8,-0.95,0.106160323,2016/7/15,0.01,-0.607873982
2016/7/11,0.23,1.37518255,2016/7/11,0.23,-0.845700589,2016/7/13,0.37,-0.529404604,2016/8/30,0.15,-0.297680788,2016/7/11,0.23,0.282335039,2016/7/18,-0.35,-0.510488486
2016/7/12,1.82,0.447584919,2016/7/12,1.82,-0.433987852,2016/7/14,-0.22,-0.120806538,2016/9/1,-0.72,-0.289225771,2016/7/12,1.82,0.673158281,2016/7/19,-0.23,0.073824489
2016/7/13,0.37,0.50266494,2016/7/13,0.37,-0.7008387,2016/7/15,0.01,0.528454468,2016/9/6,0.61,-0.255405706,2016/7/13,0.37,0.303927484,2016/7/20,-0.29,-0.072253755
2016/7/14,-0.22,-0.036868905,2016/7/14,-0.22,-0.975313858,2016/7/18,-0.35,0.127790344,2016/9/7,0.04,-0.289225771,2016/7/14,-0.22,0.144437838,2016/7/21,0.37,-0.072253755
2016/7/15,0.01,-0.009328894,2016/7/15,0.01,-0.998186788,2016/7/19,-0.23,0.078864362,2016/9/9,-0.55,-0.289225771,2016/7/15,0.01,0.015962794,2016/7/22,-0.86,-0.218331999
2016/7/18,-0.35,1.148603371,2016/7/18,-0.35,-0.67034146,2016/7/20,-0.29,0.438536446,2016/9/13,0.05,-0.297680788,2016/7/18,-0.35,0.357025267,2016/7/25,0.1,-0.461795738
2016/7/19,-0.23,1.296317974,2016/7/19,-0.23,-0.521667416,2016/7/21,0.37,0.521842848,2016/9/14,-0.68,-0.297680788,2016/7/19,-0.23,0.070827232,2016/7/26,1.14,-0.41310299
2016/7/20,-0.29,0.163422082,2016/7/20,-0.29,-0.914319379,2016/7/22,-0.86,-0.085103794,2016/9/22,0.54,-0.297680788,2016/7/20,-0.29,-0.198293142,2016/7/27,-1.91,-0.461795738
2016/7/21,0.37,-0.560129107,2016/7/21,0.37,-0.651280686,2016/7/25,0.1,0.60514925,2016/9/23,-0.28,-0.297680788,2016/7/21,0.37,-0.199961649,2016/7/28,0.08,0.317288228
2016/7/22,-0.86,-0.316024467,2016/7/22,-0.86,-0.479733712,2016/7/26,1.14,0.684488681,2016/9/27,0.6,-0.297680788,2016/7/22,-0.86,-0.080516173,2016/7/29,-0.5,-0.072253755
2016/7/25,0.1,-0.192094419,2016/7/25,0.1,-0.651280686,2016/7/27,-1.91,0.359197016,2016/9/28,-0.34,-0.263860723,2016/7/25,0.1,0.170152476,2016/8/1,-0.87,0.025131741
2016/7/26,1.14,0.77430959,2016/7/26,1.14,-0.559788966,2016/7/28,0.08,-0.10097168,2016/9/29,0.36,-0.238495674,2016/7/26,1.14,0.1381564,2016/8/2,0.61,-0.267024747
2016/7/27,-1.91,0.257308482,2016/7/27,-1.91,0.480929342,2016/7/29,-0.5,-0.145930691,2016/9/30,0.21,-0.289225771,2016/7/27,-1.91,1.099510909,2016/8/3,0.24,0.025131741
2016/7/28,0.08,0.031981122,2016/7/28,0.08,-0.830451969,2016/8/1,-0.87,0.843167541,,,,2016/7/28,0.08,0.191450478,2016/8/4,0.13,-0.120946503
2016/7/29,-0.5,-0.051890729,2016/7/29,-0.5,-0.71608732,2016/8/2,0.61,0.746637901,,,,2016/7/29,-0.5,-0.011518498,2016/8/5,-0.19,-0.461795738
2016/8/1,-0.87,0.154659351,2016/8/1,-0.87,-0.78470611,2016/8/3,0.24,1.090442099,,,,2016/8/1,-0.87,0.598468054,2016/8/8,0.93,-0.705259478
2016/8/2,0.61,0.401267628,2016/8/2,0.61,-0.582661896,2016/8/4,0.13,0.693744947,,,,2016/8/2,0.61,0.300492322,2016/8/9,0.71,-0.559181234
2016/8/3,0.24,-0.267203539,2016/8/3,0.24,-0.460672937,2016/8/5,-0.19,0.650108261,,,,2016/8/3,0.24,0.373415895,2016/8/10,-0.23,-0.364410242
2016/8/4,0.13,0.753028673,2016/8/4,0.13,-0.258628723,2016/8/8,0.93,0.545644677,,,,2016/8/4,0.13,0.218048444,2016/8/11,-0.53,-0.607873982
2016/8/5,-0.19,-0.153288041,2016/8/5,-0.19,-0.022275115,2016/8/9,0.71,0.529776791,,,,2016/8/5,-0.19,-0.183080283,2016/8/12,1.6,-0.41310299
2016/8/8,0.93,-0.03186163,2016/8/8,0.93,-0.918131534,2016/8/10,-0.23,1.099698366,,,,2016/8/8,0.93,-0.054605239,2016/8/15,2.44,-0.023561007
2016/8/9,0.71,-0.518819091,2016/8/9,0.71,-0.506418797,2016/8/11,-0.53,1.311270181,,,,2016/8/9,0.71,-0.350127284,2016/8/16,-0.49,-0.559181234
2016/8/10,-0.23,-0.563884563,2016/8/10,-0.23,-0.76945749,2016/8/12,1.6,1.434246298,,,,2016/8/10,-0.23,0.073280919,2016/8/17,-0.02,-0.705259478
2016/8/11,-0.53,-0.850551037,2016/8/11,-0.53,-0.895258604,2016/8/15,2.44,1.489783899,,,,2016/8/11,-0.53,-0.096023474,2016/8/18,-0.17,-0.753952226
2016/8/12,1.6,-1.313723943,2016/8/12,1.6,-1.040120493,2016/8/16,-0.49,1.476560661,,,,2016/8/12,1.6,-0.354838363,2016/8/22,-0.75,-0.705259478
2016/8/15,2.44,-0.055646185,2016/8/15,2.44,-1.043932648,2016/8/17,-0.02,1.042838441,,,,2016/8/15,2.44,0.048645903,2016/8/23,0.16,-0.607873982
2016/8/16,-0.49,-1.477712188,2016/8/16,-0.49,-0.567413276,2016/8/18,-0.17,1.874580136,,,,2016/8/16,-0.49,-0.816818524,2016/8/24,-0.12,-0.315717495
2016/8/17,-0.02,-0.642749139,2016/8/17,-0.02,-1.116363593,2016/8/19,0.13,0.914573029,,,,2016/8/17,-0.02,-0.463880207,2016/8/25,-0.57,-0.41310299
2016/8/18,-0.17,-1.01704292,2016/8/18,-0.17,-0.960065239,2016/8/22,-0.75,2.136400256,,,,2016/8/18,-0.17,-0.483018964,2016/8/26,0.06,-0.41310299
2016/8/19,0.13,-0.485019987,2016/8/19,0.13,-0.849512744,2016/8/23,0.16,1.623338607,,,,2016/8/19,0.13,-0.771768833,2016/8/29,-0.01,0.171209985
2016/8/22,-0.75,-0.592676392,2016/8/22,-0.75,-1.040120493,2016/8/24,-0.12,0.574735802,,,,2016/8/22,-0.75,-0.348949514,2016/8/30,0.15,-0.218331999
2016/8/23,0.16,-1.000769277,2016/8/23,0.16,0.145459704,2016/8/25,-0.57,0.582669745,,,,2016/8/23,0.16,-0.177191435,2016/8/31,0.35,-0.510488486
2016/8/24,-0.12,-0.722865533,2016/8/24,-0.12,-0.643656376,2016/8/26,0.06,0.942341829,,,,2016/8/24,-0.12,-0.202513483,2016/9/1,-0.72,-0.267024747
2016/8/25,-0.57,-0.794219197,2016/8/25,-0.57,0.553360287,2016/8/29,-0.01,0.774406702,,,,2016/8/25,-0.57,-0.014070333,2016/9/2,0.13,0.609444716
2016/8/26,0.06,-0.414918142,2016/8/26,0.06,-0.643656376,2016/8/30,0.15,1.210773569,,,,2016/8/26,0.06,-0.60324962,2016/9/5,0.15,0.75552296
2016/8/29,-0.01,-0.722865533,2016/8/29,-0.01,-0.838076279,2016/8/31,0.35,0.401511379,,,,2016/8/29,-0.01,-0.178271057,2016/9/6,0.61,-0.169639251
2016/8/30,0.15,-0.99826564,2016/8/30,0.15,-0.811391195,2016/9/1,-0.72,1.415733764,,,,2016/8/30,0.15,-0.427271199,2016/9/7,0.04,0.122517237
2016/8/31,0.35,-1.1297066,2016/8/31,0.35,-0.864761364,2016/9/2,0.13,0.582669745,,,,2016/8/31,0.35,-0.456420999,2016/9/8,0.13,-0.023561007
2016/9/1,-0.72,-0.690318248,2016/9/1,-0.72,-1.032496183,2016/9/5,0.15,0.545644677,,,,2016/9/1,-0.72,-0.340508832,2016/9/9,-0.55,-0.169639251
2016/9/2,0.13,-1.134713874,2016/9/2,0.13,-1.021059718,2016/9/6,0.61,2.813430062,,,,2016/9/2,0.13,-0.523848313,2016/9/12,-1.85,0.025131741
2016/9/5,0.15,-0.785456467,2016/9/5,0.15,-0.952440929,2016/9/7,0.04,2.12053237,,,,2016/9/5,0.15,-0.695802688,2016/9/13,0.05,-0.169639251
2016/9/6,0.61,-0.406155411,2016/9/6,0.61,-0.514043106,2016/9/8,0.13,0.806142474,,,,2016/9/6,0.61,-0.322645991,2016/9/14,-0.68,-0.364410242
2016/9/7,0.04,-0.854306493,2016/9/7,0.04,-0.601722671,2016/9/9,-0.55,0.285146881,,,,2016/9/7,0.04,-0.354249478,2016/9/19,0.77,-0.218331999
2016/9/8,0.13,0.160918444,2016/9/8,0.13,-0.956253084,2016/9/12,-1.85,-0.332378352,,,,2016/9/8,0.13,-0.522081659,2016/9/20,-0.1,-0.41310299
2016/9/9,-0.55,-0.187087145,2016/9/9,-0.55,-0.880009984,2016/9/13,0.05,0.611760869,,,,2016/9/9,-0.55,-0.541711154,2016/9/21,0.1,-0.267024747
2016/9/12,-1.85,0.172184812,2016/9/12,-1.85,-0.254816568,2016/9/14,-0.68,-0.718496913,,,,2016/9/12,-1.85,-0.054507092,2016/9/22,0.54,-0.218331999
2016/9/13,0.05,0.08956478,2016/9/13,0.05,-0.441612162,2016/9/19,0.77,0.175394002,,,,2016/9/13,0.05,-0.023394343,2016/9/23,-0.28,-0.461795738
2016/9/14,-0.68,-0.86682468,2016/9/14,-0.68,-0.578849741,2016/9/20,-0.1,-0.36940342,,,,2016/9/14,-0.68,-0.397041777,2016/9/26,-1.76,-0.510488486
2016/9/19,0.77,-0.287232638,2016/9/19,0.77,-0.67796577,2016/9/21,0.1,-0.452709821,,,,2016/9/19,0.77,-0.306549806,2016/9/27,0.6,-0.559181234
2016/9/20,-0.1,-0.188338963,2016/9/20,-0.1,-0.925755844,2016/9/22,0.54,-0.423618697,,,,2016/9/20,-0.1,0.118428757,2016/9/28,-0.34,-0.607873982
2016/9/21,0.1,-0.578906387,2016/9/21,0.1,-0.632219911,2016/9/23,-0.28,-0.740976418,,,,2016/9/21,0.1,-0.457304326,2016/9/29,0.36,-0.315717495
2016/9/22,0.54,-0.795471016,2016/9/22,0.54,-0.578849741,2016/9/26,-1.76,-0.413040106,,,,2016/9/22,0.54,-0.539650057,2016/9/30,0.21,-0.169639251
2016/9/23,-0.28,-0.180828051,2016/9/23,-0.28,-0.353932597,2016/9/27,0.6,-0.684116493,,,,2016/9/23,-0.28,-0.526890885,,,
2016/9/26,-1.76,0.828137793,2016/9/26,-1.76,-0.453048627,2016/9/28,-0.34,-0.492379537,,,,2016/9/26,-1.76,0.159258107,,,
2016/9/27,0.6,0.84065598,2016/9/27,0.6,-0.449236472,2016/9/29,0.36,-0.573041291,,,,2016/9/27,0.6,-0.086306874,,,
2016/9/28,-0.34,-0.552618195,2016/9/28,-0.34,0.675349246,2016/9/30,0.21,-0.685438817,,,,2016/9/28,-0.34,-0.047244179,,,
2016/9/29,0.36,-0.167058046,2016/9/29,0.36,-0.853324899,,,,,,,2016/9/29,0.36,-0.268075996,,,
2016/9/30,0.21,0.349943063,2016/9/30,0.21,-1.032496183,,,,,,,2016/9/30,0.21,-0.827614746,,,
