Date,open,high,low,close,volume,sub_density,diameter,average_shortest_path_length,average_clustering,average_pageRank_score,average_degree_centrality,group,number_of_nodes,number_of_nodes_for_largest_subgraph,number_of_edges_for_largest_subgraph,average_degree,average_degree_sub,bins,pr,pagerank,ci,ci_sum
2014/12/2,-0.482,3.6047,-0.5616,3.08,437700,0.001717739,17,7.113971109,0.002587671,0.000788022,0.001717739,1,2709,1269,1382,1.80952381,2.178092987,"(1.4, 4.2]",0.030927465,0.030927465,15225,64672
2014/12/3,0.194,2.2025,-1.0657,0.59,562100,0.005050505,2,1.994962217,0,0.002518892,0.005050505,1,3517,397,397,1.839067387,2,"(0.0, 1.4]",0.460110512,0.460110512,20002,90681
2014/12/4,0.1343,4.3447,-0.2628,4.34,532700,0.000493112,17,5.356455838,0.005364768,0.000223065,0.000493112,1,6806,4483,4954,1.988833382,2.210127147,"(4.2, 10.0]",0.038969711,0.038969711,1040588,3545908
2014/12/5,0.9037,2.6778,-3.0103,1.32,640500,0.000616478,16,5.836186974,0.00491893,0.000279486,0.000616478,1,5870,3578,3945,1.933219761,2.205142538,"(0.0, 1.4]",0.024524542,0.024524542,336622,1333848
2014/12/8,-1.0537,3.5006,-2.0054,2.82,587600,0.000963667,19,6.281436652,0.00296207,0.0004329,0.000963667,1,4185,2310,2570,1.889127838,2.225108225,"(1.4, 4.2]",0.026344728,0.026344728,89760,387569
2014/12/9,-0.9609,2.3101,-6.1867,-5.35,772000,0.000511922,19,6.124146126,0.002881945,0.000234137,0.000511922,2,7074,4271,4668,1.916878711,2.18590494,"(-10.0, -4.2]",0.037887889,0.037887889,601976,1750315
2014/12/10,-0.1391,3.0346,-1.8267,2.83,512900,0.001037099,18,7.150180647,0.002609333,0.000484496,0.001037099,1,4584,2064,2208,1.784904014,2.139534884,"(1.4, 4.2]",0.021474075,0.021474075,45144,187418
2014/12/11,-0.9702,0.8432,-1.6412,-0.51,482600,1,1,1,0,0.5,1,2,3399,2,1,1.780523683,1,"(-1.4, 0.0]",0.5,0.5,59800,126825
2014/12/12,0.1236,1.2567,-0.3687,0.42,409500,0.002377605,18,7.151259095,0.003887727,0.001109878,0.002377605,1,2628,901,964,1.741248097,2.139844617,"(0.0, 1.4]",0.022069054,0.022069054,11685,34998
2014/12/15,-0.5693,0.7506,-1.6088,0.52,400400,0.333333333,2,1.666666667,0,0.166666667,0.333333333,1,2598,6,5,1.760585065,1.666666667,"(0.0, 1.4]",0.472971649,0.472971649,23310,59812
2014/12/16,0.0132,2.3185,-0.322,2.31,453800,0,0,0,0,1,1,1,3079,1,1,1.83176356,2,"(1.4, 4.2]",1,1,58320,147944
2014/12/17,0.3453,1.823,-0.9328,1.31,542500,0.001265006,18,7.332268066,0.002795734,0.00057971,0.001265006,1,3319,1725,1881,1.847544441,2.180869565,"(0.0, 1.4]",0.035667485,0.035667485,36064,138112
2014/12/18,0.0582,0.9399,-1.003,-0.11,435900,0.001713354,19,7.34055911,0.001013448,0.000786164,0.001713354,2,2938,1272,1385,1.82573179,2.177672956,"(-1.4, 0.0]",0.025092822,0.025092822,16008,71526
2014/12/19,-0.1454,1.9626,-1.2788,1.67,521100,0.001990512,15,5.838837889,0.001717681,0.000897666,0.001990512,1,2675,1114,1234,1.825046729,2.215439856,"(1.4, 4.2]",0.04331804,0.04331804,44965,123756
2014/12/22,0.665,2.6144,-0.5818,0.61,679400,1,1,1,0,0.5,1,1,3572,2,1,1.896416573,1,"(0.0, 1.4]",0.5,0.5,76970,167360
2014/12/23,-1.3546,0.3003,-3.2544,-3.03,437800,0,0,0,0,1,1,2,3674,1,1,1.794774088,2,"(-4.2, -1.4]",1,1,20586,52328
2014/12/24,0.2174,0.5901,-3.2217,-1.98,376800,0.001344361,18,6.91042618,0.00340189,0.000629723,0.001344361,2,3439,1588,1694,1.836580401,2.133501259,"(-4.2, -1.4]",0.055545086,0.055545086,49868,142272
2014/12/25,0.6705,3.3915,-0.0894,3.36,376900,0.003076714,18,6.779495079,0.000505996,0.001455604,0.003076714,1,2428,687,725,1.719110379,2.11062591,"(1.4, 4.2]",0.038601046,0.038601046,14446,27883
2014/12/26,0.178,2.9819,-0.2721,2.77,460700,0.002411312,20,7.574867614,0.005439215,0.001114827,0.002411312,1,2470,897,969,1.778137652,2.160535117,"(1.4, 4.2]",0.033736112,0.033736112,22134,45693
2014/12/29,1.7404,2.0983,-0.971,0.33,510100,0.4,2,1.6,0,0.2,0.4,1,3716,5,4,1.828848224,1.6,"(0.0, 1.4]",0.475676689,0.475676689,75900,115261
2014/12/30,-0.2277,0.7034,-1.1889,-0.07,397700,1,1,1,0,0.5,1,2,2799,2,1,1.74776706,1,"(-1.4, 0.0]",0.5,0.5,17952,50179
2014/12/31,0.2142,2.323,-0.2703,2.18,406000,0.003248963,27,9.169810477,0.003218925,0.001574803,0.003248963,1,2380,635,654,1.713445378,2.05984252,"(1.4, 4.2]",0.053540044,0.053540044,5400,14610
2015/1/5,0.7404,4.1613,0.5938,3.58,531400,0.4,2,1.6,0,0.2,0.4,1,2786,5,4,1.787508973,1.6,"(1.4, 4.2]",0.475676689,0.475676689,17873,51148
2015/1/6,-0.5886,1.3044,-1.4128,0.03,501700,0.012045647,10,4.572344322,0.006522964,0.00591716,0.012045647,1,2513,169,171,1.693593315,2.023668639,"(0.0, 1.4]",0.174049777,0.174049777,2183,6646
2015/1/7,-0.7399,0.6997,-1.1707,0.67,391900,1,1,1,0,0.5,1,1,2394,2,1,1.729323308,1,"(0.0, 1.4]",0.5,0.5,4104,19187
2015/1/8,-0.0592,0.2256,-2.6337,-2.39,371100,0.333333333,2,1.666666667,0,0.166666667,0.333333333,2,2839,6,5,1.775272983,1.666666667,"(-4.2, -1.4]",0.472971649,0.472971649,19982,43011
2015/1/9,-0.5007,3.3818,-0.7878,-0.24,410200,0.001725229,18,6.772799236,0.002151079,0.000803213,0.001725229,2,2792,1245,1336,1.8252149,2.146184739,"(-1.4, 0.0]",0.034688301,0.034688301,37888,85297
2015/1/12,-0.8279,-0.3113,-2.856,-1.71,322100,1,1,1,0,0.5,1,2,2138,2,1,1.695042095,1,"(-4.2, -1.4]",0.5,0.5,3468,14589
2015/1/13,-0.1788,0.9312,-0.4615,0.19,230700,0.002717278,21,7.491312071,0.005103611,0.001264223,0.002717278,1,2142,791,849,1.735760971,2.14664981,"(0.0, 1.4]",0.039792294,0.036719222,13860,39672
2015/1/14,0.2175,1.0256,-1.2773,-0.4,240200,0.003393613,20,6.659543136,0,0.001594896,0.003393613,2,2109,627,666,1.707918445,2.124401914,"(-1.4, 0.0]",0.069051305,0.069051305,10486,23163
2015/1/15,0.0507,3.5578,-0.4621,3.54,282500,0.666666667,2,1.333333333,0,0.333333333,0.666666667,1,2092,3,2,1.702676864,1.333333333,"(1.4, 4.2]",0.486485824,0.486485824,9492,20149
2015/1/16,0.2142,1.9141,0.1209,1.2,339900,0.001673582,16,5.432503928,0.00705445,0.000749625,0.001673582,1,2593,1334,1488,1.875048207,2.230884558,"(0.0, 1.4]",0.044228165,0.044228165,89739,251067
2015/1/19,-5.5314,-3.3848,-8.335,-7.7,401100,0.142857143,2,1.866666667,0,0.066666667,0.142857143,2,6732,15,15,1.962566845,2,"(-10.0, -4.2]",0.47955698,0.47955698,1148199,2449349
2015/1/20,-0.0575,2.3712,-0.5094,1.82,357100,0,0,0,0,1,1,1,4150,1,1,1.838072289,2,"(1.4, 4.2]",1,1,87761,222436
2015/1/21,0.5053,5.167,0.1667,4.74,411000,0.001876053,19,6.808097914,0.001473749,0.00087184,0.001876053,1,3040,1147,1233,1.749342105,2.149956408,"(4.2, 10.0]",0.031094966,0.031094966,26322,97426
2015/1/22,0.1116,0.8657,-0.8916,0.59,353400,0.051219512,6,2.52195122,0,0.024390244,0.051219512,1,2429,41,42,1.703581721,2.048780488,"(0.0, 1.4]",0.366873012,0.366873012,17983,40548
2015/1/23,0.4113,1.8976,-0.4502,0.25,366200,0.5,2,1.5,0,0.25,0.5,1,2258,4,3,1.671390611,1.5,"(0.0, 1.4]",0.479730574,0.479730574,8225,23409
2015/1/26,-0.1345,0.9856,-0.9084,0.94,317500,0.125,2,1.875,0,0.0625,0.125,1,1899,16,15,1.648235914,1.875,"(0.0, 1.4]",0.464523697,0.464523697,1824,4192
2015/1/27,0.1972,0.2079,-2.7478,-0.89,374500,1.2,2,1.2,0.866666667,0.2,1.2,2,2254,5,12,1.71162378,4.8,"(-1.4, 0.0]",0.243426328,0.243426328,8041,24789
2015/1/28,-0.8124,0.0549,-1.7389,-1.41,301900,0.666666667,2,1.333333333,0,0.333333333,0.666666667,2,2314,3,2,1.723422645,1.333333333,"(-4.2, -1.4]",0.486485824,0.486485824,20304,57919
2015/1/29,-1.4139,-0.5733,-2.1628,-1.31,274700,0.001332454,16,6.697588397,0.00317486,0.000620732,0.001332454,2,3322,1611,1728,1.832630945,2.145251397,"(-1.4, 0.0]",0.054943164,0.054943164,88506,185641
2015/1/30,0.3507,0.8031,-1.5939,-1.59,258300,0.2,2,1.8,0,0.1,0.2,2,4666,10,9,1.936562366,1.8,"(-4.2, -1.4]",0.467565368,0.467565368,256608,815270
2015/2/2,-1.9383,-1.0974,-2.7346,-2.56,250900,0.119047619,7,3.028571429,0,0.047619048,0.119047619,2,2823,21,25,1.797378675,2.380952381,"(-4.2, -1.4]",0.241253243,0.241253243,40020,94186
2015/2/3,0.8882,2.5456,0.0458,2.45,248200,0.001675301,15,6.188053107,0.005216122,0.000748503,0.001675301,1,2913,1336,1494,1.860624785,2.236526946,"(1.4, 4.2]",0.037247278,0.037247278,68500,161442
2015/2/4,0.247,1.0632,-1.0535,-0.96,249100,0.000895462,17,6.108804787,0.003719213,0.000406009,0.000895462,2,4122,2463,2715,1.935468219,2.204628502,"(-1.4, 0.0]",0.02337289,0.02337289,114695,511148
2015/2/5,2.4286,2.4286,-1.2068,-1.18,306100,0.001009109,14,6.442797747,0.003388603,0.000456413,0.001009109,2,4409,2191,2421,1.916987979,2.209949795,"(-1.4, 0.0]",0.018757262,0.017610001,63365,271555
2015/2/6,-0.5242,-0.2229,-2.6651,-1.93,246700,0.001642999,19,7.063304303,0.003848489,0.000749064,0.001642999,2,3125,1335,1463,1.84384,2.1917603,"(-4.2, -1.4]",0.025654116,0.025654116,21120,81125
2015/2/9,-0.403,1.4021,-0.8712,0.62,206100,0.002308285,19,7.03826649,0.005812811,0.001076426,0.002308285,1,2487,929,995,1.773220748,2.142088267,"(0.0, 1.4]",0.031306864,0.031306864,20770,59069
2015/2/10,-0.1497,1.5177,-0.3512,1.5,193800,0.25,2,1.75,0,0.125,0.25,1,2617,8,7,1.780664883,1.75,"(1.4, 4.2]",0.469596347,0.469596347,20468,69650
2015/2/11,0.1328,0.7903,-0.0809,0.51,172800,1,1,1,0,0.5,1,1,2181,2,1,1.738651994,1,"(0.0, 1.4]",0.5,0.5,11765,35273
2015/2/12,0.0081,0.762,-0.743,0.5,194600,0.003333981,18,7.239184495,0.001115698,0.001577287,0.003333981,1,2147,634,669,1.738239404,2.110410095,"(0.0, 1.4]",0.056436514,0.056436514,14175,29100
2015/2/13,0.422,2.0087,0.2955,0.96,261300,0.006264099,18,7.162502169,0.003028806,0.002941176,0.006264099,1,1760,340,361,1.695454545,2.123529412,"(0.0, 1.4]",0.049302906,0.049302906,3783,9478
2015/2/16,0.0721,0.7809,-0.2479,0.58,223800,1,1,1,0,0.5,1,1,2308,2,1,1.773830156,1,"(0.0, 1.4]",0.5,0.5,0,0
2015/2/17,0.2644,1.0353,0.261,0.76,228300,0.105263158,2,1.894736842,0,0.052631579,0.105263158,1,2983,19,18,1.829031177,1.894736842,"(0.0, 1.4]",0.463730891,0.463730891,63680,68878
2015/2/25,0.2948,0.3177,-0.9657,-0.56,233300,0.005136413,13,5.666108361,0,0.002487562,0.005136413,2,1855,402,414,1.680862534,2.059701493,"(-1.4, 0.0]",0.073027358,0.073027358,6708,19612
2015/2/26,-0.2073,2.2229,-0.8255,2.15,301300,1,1,1,0,0.5,1,1,1737,2,1,1.717904433,1,"(1.4, 4.2]",0.5,0.5,6726,19043
2015/2/27,-0.0463,0.7939,-0.2229,0.36,299200,0,0,0,0,1,1,1,1827,1,1,1.718664477,2,"(0.0, 1.4]",1,1,11000,24735
2015/3/2,0.6772,0.7992,-0.3514,0.78,346400,0,0,0,0,1,1,1,3312,1,1,1.77173913,2,"(0.0, 1.4]",1,1,62792,80568
2015/3/3,-0.5572,-0.5572,-2.2737,-2.2,382000,0.666666667,2,1.333333333,0,0.333333333,0.666666667,2,2805,3,2,1.736898396,1.333333333,"(-4.2, -1.4]",0.486485824,0.486485824,12546,25681
2015/3/4,0.0346,0.7213,-0.3852,0.51,293600,0.003991276,23,7.700763359,0.007959464,0.001904762,0.003991276,1,2555,525,549,1.744031311,2.091428571,"(0.0, 1.4]",0.094667405,0.094667405,11628,16642
2015/3/5,-0.471,-0.3932,-1.7645,-0.95,320700,1,1,1,0,0.5,1,2,2336,2,1,1.70890411,1,"(-1.4, 0.0]",0.5,0.5,2565,6353
2015/3/6,-0.0136,0.5682,-0.4292,-0.22,282900,0,0,0,0,1,1,2,5243,1,1,1.892427999,2,"(-1.4, 0.0]",1,1,261387,276986
2015/3/9,-0.5206,2.0522,-1.321,1.89,321500,0.001420496,20,6.735538608,0.001704863,0.000678887,0.001420496,1,3045,1473,1540,1.829885057,2.090970808,"(1.4, 4.2]",0.205336288,0.205336288,31512,65347
2015/3/10,-0.4034,0.2273,-0.7665,-0.49,285800,0,0,0,0,1,1,2,3672,1,1,1.821895425,2,"(-1.4, 0.0]",1,1,33116,55611
2015/3/11,0.1073,1.1864,-0.2312,0.15,283000,0.285714286,2,1.714285714,0,0.142857143,0.285714286,1,2756,7,6,1.783744557,1.714285714,"(0.0, 1.4]",0.471041052,0.471041052,7144,20464
2015/3/12,0.7266,2.1014,0.2914,1.78,357300,1,1,1,0,0.5,1,1,2597,2,1,1.739699653,1,"(1.4, 4.2]",0.5,0.5,4590,15496
2015/3/13,0.3035,1.252,0.0844,0.7,328400,0.003434377,19,7.660332941,0.007781504,0.001594896,0.003434377,1,2531,627,674,1.765310154,2.149920255,"(0.0, 1.4]",0.059001919,0.059001919,4536,12458
2015/3/16,0.541,2.2649,0.1238,2.26,399100,1,1,1,0,0.5,1,1,2682,2,1,1.754660701,1,"(1.4, 4.2]",0.5,0.5,6018,7938
2015/3/17,0.5885,1.5893,0.3012,1.55,520900,0,0,0,0,1,1,1,2884,1,1,1.783633842,2,"(1.4, 4.2]",1,1,16464,55498
2015/3/18,0.2185,2.1358,0.0287,2.13,545200,0.001979499,20,8.081610172,0.002956134,0.00091659,0.001979499,1,3156,1091,1177,1.818757921,2.157653529,"(1.4, 4.2]",0.028314062,0.028314062,7344,33911
2015/3/19,-0.0358,0.6537,-0.8514,0.14,537300,0.4,2,1.666666667,0,0.166666667,0.4,1,2997,6,6,1.728395062,2,"(0.0, 1.4]",0.512196116,0.512196116,2080,8281
2015/3/20,0.1344,1.3976,-0.3599,0.98,516700,2,1,1,0,0.5,2,1,4216,2,2,1.890417457,2,"(0.0, 1.4]",0.649122638,0.649122638,46789,129429
2015/3/23,0.6299,1.9609,0.5022,1.95,536100,0.001960765,18,6.98859802,0.00436016,0.000915751,0.001960765,1,3646,1092,1168,1.821722436,2.139194139,"(1.4, 4.2]",0.033236548,0.033236548,30996,77612
2015/3/24,0.1313,0.7632,-2.36,0.1,639600,0.000821023,20,7.502910944,0.001152235,0.000394477,0.000821023,1,5105,2535,2637,1.849951028,2.080473373,"(0.0, 1.4]",0.194817265,0.194817265,55848,126314
2015/3/25,-0.2833,0.0472,-1.5401,-0.83,521900,0.001117592,18,7.051680907,0.003174041,0.000515464,0.001117592,2,4686,1940,2102,1.876653863,2.167010309,"(-1.4, 0.0]",0.025764436,0.025764436,50616,183488
2015/3/26,-0.5132,1.2727,-1.2488,0.58,488600,0.666666667,2,1.333333333,0,0.333333333,0.666666667,1,4583,3,2,1.816277547,1.333333333,"(0.0, 1.4]",0.486485824,0.486485824,8672,43118
2015/3/27,0.1097,0.7708,-0.6861,0.24,408900,0.244444444,4,2.422222222,0,0.1,0.244444444,1,3479,10,11,1.794193734,2.2,"(0.0, 1.4]",0.279064299,0.279064299,34200,101944
2015/3/30,0.5287,2.8403,0.5287,2.59,564700,0,0,0,0,1,1,1,3798,1,1,1.814112691,2,"(1.4, 4.2]",1,1,32263,132216
2015/3/31,0.9618,1.294,-1.3079,-1.02,561700,0.110526316,4,2.431578947,0,0.05,0.110526316,2,3739,20,21,1.837924579,2.1,"(-1.4, 0.0]",0.371643506,0.371643506,33174,117028
2015/4/1,0.0118,1.8459,-0.1517,1.66,447500,0.285714286,2,1.714285714,0,0.142857143,0.285714286,1,3518,7,6,1.793064241,1.714285714,"(1.4, 4.2]",0.471041052,0.471041052,27084,94113
2015/4/2,0.4565,0.6602,-0.9028,0.41,479300,0.285714286,2,1.714285714,0,0.142857143,0.285714286,1,3735,7,6,1.804551539,1.714285714,"(0.0, 1.4]",0.471041052,0.471041052,125904,247415
2015/4/3,-0.5855,1.0095,-0.8775,1,473000,0.001153171,18,6.535276528,0.005746693,0.000529942,0.001153171,1,3808,1887,2052,1.853466387,2.174880763,"(0.0, 1.4]",0.025141752,0.025141752,58125,287724
2015/4/7,0.9185,2.5295,0.7195,2.52,570400,0.000831644,14,5.816815045,0.002446483,0.000378072,0.000831644,1,4404,2645,2908,1.944141689,2.198865784,"(1.4, 4.2]",0.026539717,0.026539717,168020,708241
2015/4/8,0.3825,0.9805,-1.4573,0.84,618100,0.064516129,2,1.935483871,0,0.032258065,0.064516129,1,5018,31,30,1.899163013,1.935483871,"(0.0, 1.4]",0.462068158,0.462068158,207940,662878
2015/4/9,0.2833,0.5403,-2.3727,-0.93,585200,0.001108787,20,6.977561669,0.004672062,0.000512821,0.001108787,2,4776,1950,2107,1.824539363,2.161025641,"(-1.4, 0.0]",0.046679529,0.046679529,94248,231066
2015/4/10,-0.2537,2.0926,-0.7129,1.94,484300,0.001340108,19,7.539709915,0.002425854,0.000623053,0.001340108,1,3521,1605,1725,1.806305027,2.14953271,"(1.4, 4.2]",0.036343248,0.036343248,16168,69258
2015/4/13,0.9522,2.3241,0.5697,2.17,589800,0.000832933,17,6.336246505,0.002813118,0.000386698,0.000832933,1,5342,2586,2784,1.857731187,2.153132251,"(1.4, 4.2]",0.02096267,0.02096267,119356,518741
2015/4/14,0.0987,1.1314,-0.739,0.34,610700,1,1,1,0,0.5,1,1,8400,2,1,1.905,1,"(0.0, 1.4]",0.5,0.5,1538238,2443171
2015/4/15,0.002,0.9655,-1.6094,-1.24,613000,1,2,1.5,0,0.25,1,2,5213,4,6,1.804718972,3,"(-1.4, 0.0]",0.324560936,0.225146355,39900,159268
2015/4/16,-0.6916,2.7213,-1.2957,2.71,551200,0.001008397,20,6.743320096,0.001964909,0.000471698,0.001008397,1,4848,2120,2265,1.78960396,2.136792453,"(1.4, 4.2]",0.051194535,0.051194535,149328,311592
2015/4/17,1.4279,2.9179,1.051,2.2,701700,0.000841413,20,7.026582127,0.002594997,0.000381534,0.000841413,1,5881,2621,2889,1.876211529,2.204502098,"(1.4, 4.2]",0.038415968,0.038415968,282934,589942
2015/4/20,0.3279,1.6025,-2.2535,-1.64,857100,0.000619686,19,6.874365009,0.003895716,0.00028547,0.000619686,2,7039,3503,3801,1.871004404,2.17013988,"(-4.2, -1.4]",0.020738231,0.020738231,104544,479124
2015/4/21,-0.116,1.833,-0.676,1.82,634500,1,1,1,0,0.5,1,1,6109,2,1,1.865771812,1,"(1.4, 4.2]",0.5,0.5,145748,453638
2015/4/22,0.2556,2.482,0.1008,2.44,680300,0.179487179,2,1.846153846,0,0.076923077,0.179487179,1,7028,13,14,1.896983495,2.153846154,"(1.4, 4.2]",0.465374836,0.465374836,274008,742829
2015/4/23,0.3635,1.0439,-0.9014,0.36,667300,0,0,0,0,1,1,1,7744,1,1,1.946022727,2,"(0.0, 1.4]",1,1,319830,1085784
2015/4/24,-1.3265,0.0423,-2.1835,-0.47,628600,0.000725782,18,6.208362114,0.003645557,0.000330907,0.000725782,2,6387,3022,3313,1.891654924,2.19258769,"(-1.4, 0.0]",0.038067588,0.038067588,365850,851925
2015/4/27,1.098,3.0965,1.098,3.04,671100,0.000715988,16,6.123044444,0.006006031,0.000329164,0.000715988,1,5583,3038,3303,1.879276375,2.17445688,"(1.4, 4.2]",0.028061028,0.028061028,262152,747629
2015/4/28,0.0053,0.9938,-2.0871,-1.13,767700,0.000896391,18,6.567398124,0.003886767,0.00040833,0.000896391,2,5491,2449,2687,1.844108541,2.194365047,"(-1.4, 0.0]",0.026057367,0.026057367,175305,389742
2015/4/29,-0.6723,0.5301,-1.7331,0.01,519800,0.4,2,1.6,0,0.2,0.4,1,6550,5,4,1.872977099,1.6,"(0.0, 1.4]",0.475676689,0.475676689,113600,352211
2015/4/30,0.1428,0.6863,-0.7945,-0.78,526700,0.166666667,2,1.846153846,0,0.076923077,0.166666667,2,8569,13,13,1.902905823,2,"(-1.4, 0.0]",0.482761417,0.482761417,1580558,1806422
2015/5/4,-0.007,1.0337,-1.2209,0.87,494200,0.000301848,15,3.973933126,0.000523598,0.000148434,0.000301848,1,8939,6737,6849,1.912741917,2.033249221,"(0.0, 1.4]",0.310195996,0.310195996,4295592,4482220
2015/5/5,-0.0137,0.1875,-4.4243,-4.06,572900,0.000633352,16,5.795846394,0.004427788,0.000286944,0.000633352,2,6887,3485,3845,1.930884275,2.206599713,"(-4.2, -1.4]",0.033064416,0.033064416,408304,1491362
2015/5/6,0.3009,1.8063,-2.59,-1.62,481700,0.000505754,19,6.289804088,0.001178725,0.000237079,0.000505754,2,7602,4218,4498,1.872401999,2.132764343,"(-4.2, -1.4]",0.101856012,0.101856012,474122,1043565
2015/5/7,-0.7417,-0.3665,-2.8671,-2.77,394600,0.2,2,1.818181818,0,0.090909091,0.2,2,8364,11,11,1.853897657,2,"(-4.2, -1.4]",0.487181651,0.487181651,290640,731800
2015/5/8,0.9914,2.3016,-0.3203,2.28,397400,0,0,0,0,1,1,1,7518,1,1,1.847299814,2,"(1.4, 4.2]",1,1,250380,748236
2015/5/11,0.6028,3.0662,-0.4303,3.04,488800,0.000449573,17,4.764006365,0.000692311,0.000219394,0.000449573,1,7630,4558,4669,1.86474443,2.048705573,"(1.4, 4.2]",0.303606876,0.303606876,505176,607507
2015/5/12,0.2027,1.5859,-0.3602,1.56,521900,3.53E-05,15,2.217716769,0.000215477,1.76E-05,3.53E-05,1,59495,56964,57203,1.988335154,2.008391265,"(1.4, 4.2]",0.427233894,0.427233894,94227840,94572700
2015/5/13,0.0263,0.3274,-1.3346,-0.58,510500,5.79E-05,16,2.424841002,0.000140664,2.88E-05,5.79E-05,2,37291,34738,34960,1.980424231,2.012781392,"(-1.4, 0.0]",0.430186003,0.430186003,55488000,55958309
2015/5/14,-0.0673,0.5024,-1.0676,0.06,449100,0.000222671,19,3.860004607,0.000385545,0.000109745,0.000222671,1,12285,9112,9243,1.923158323,2.028753292,"(0.0, 1.4]",0.361920158,0.361920158,1821975,2061695
2015/5/15,-0.2624,-0.2624,-2.2785,-1.59,439700,0.000826709,17,6.655153981,0.001833621,0.00039185,0.000826709,2,5899,2552,2691,1.845736566,2.108934169,"(-4.2, -1.4]",0.141933063,0.141933063,79520,215269
2015/5/18,-0.7147,0.3745,-1.1183,-0.58,380100,0,0,0,0,1,1,2,3850,1,1,1.748051948,2,"(-1.4, 0.0]",1,1,15456,57457
2015/5/19,0.0534,3.1496,0.0534,3.13,436700,0.001616747,22,7.960709376,0.000776166,0.000769823,0.001616747,1,4532,1299,1363,1.783318623,2.098537336,"(1.4, 4.2]",0.042520768,0.042520768,35000,78977
2015/5/20,0.3945,2.3313,0.3334,0.65,514100,0.0014992,18,8.021812609,0.001023447,0.000710227,0.0014992,1,4639,1408,1485,1.764173313,2.109375,"(0.0, 1.4]",0.035636993,0.035636993,31464,87096
2015/5/21,0.2282,1.8935,-0.1806,1.87,465000,0.001038773,16,6.140934081,0.002498001,0.000483793,0.001038773,1,5592,2067,2218,1.833690987,2.146105467,"(1.4, 4.2]",0.073299958,0.073299958,251419,367296
2015/5/22,1.2267,2.8448,0.7411,2.83,655600,0.000932322,18,6.19715881,0.002177877,0.000428816,0.000932322,1,5310,2332,2534,1.82259887,2.173241852,"(1.4, 4.2]",0.061744149,0.061744149,310860,566831
2015/5/25,0.0532,3.3725,-0.0166,3.35,682500,0,0,0,0,1,1,1,4969,1,1,1.783859932,2,"(1.4, 4.2]",1,1,51324,176304
2015/5/26,0.8528,2.0335,-0.7213,2.02,704900,0.666666667,2,1.333333333,0,0.333333333,0.666666667,1,6460,3,2,1.839318885,1.333333333,"(1.4, 4.2]",0.486485824,0.486485824,130320,385525
2015/5/27,0.4469,0.9623,-1.0964,0.63,681200,0.00092407,19,6.809664582,0.002330802,0.000427168,0.00092407,1,6039,2341,2531,1.811558205,2.162323793,"(0.0, 1.4]",0.020574052,0.020574052,61748,273485
2015/5/28,0.041,0.9063,-6.6267,-6.5,783000,0.00033225,23,6.976685405,0.002814682,0.000155763,0.00033225,2,12697,6420,6846,1.846577932,2.13271028,"(-10.0, -4.2]",0.038419878,0.038419878,619095,2351977
2015/5/29,-0.3636,1.6866,-4.0842,-0.18,611300,0.000439713,18,6.068289346,0.004998282,0.000204541,0.000439713,2,11385,4889,5254,1.831884058,2.149314788,"(-1.4, 0.0]",0.048664255,0.048664255,1121728,2416867
2015/6/1,0.463,4.7218,0.0756,4.71,593400,0.001094664,19,7.82735119,0.00222867,0.000515198,0.001094664,1,6149,1941,2061,1.805822085,2.123647604,"(4.2, 10.0]",0.02790209,0.02790209,36200,141768
2015/6/2,0.3307,1.7155,-0.6458,1.69,623700,0.000781811,17,6.641466819,0.001159465,0.000363769,0.000781811,1,7149,2749,2953,1.832144356,2.148417606,"(1.4, 4.2]",0.028683053,0.028683053,193640,644962
2015/6/3,0.2821,0.6423,-1.7938,-0.01,611500,0.000922108,19,6.996866226,0.002622748,0.000427899,0.000922108,2,7013,2337,2517,1.832311422,2.154043646,"(-1.4, 0.0]",0.017330627,0.017330627,82600,250981
2015/6/4,0.0604,0.7737,-5.3477,0.76,675000,0.000573015,18,6.704124795,0.001862788,0.000268673,0.000573015,1,9350,3722,3968,1.871229947,2.132186996,"(0.0, 1.4]",0.070008933,0.070008933,577840,913524
2015/6/5,1.3945,2.1128,-0.9912,1.54,772200,0.000725651,19,6.759451371,0.002820233,0.000339328,0.000725651,1,7806,2947,3150,1.816551371,2.137767221,"(1.4, 4.2]",0.038017152,0.038017152,305408,678622
2015/6/8,0.4499,2.4657,-0.5099,2.17,855000,0.000954751,17,6.842512591,0.000684159,0.000449843,0.000954751,1,5569,2223,2358,1.806069312,2.12145749,"(1.4, 4.2]",0.039244213,0.039244213,96642,384677
2015/6/9,0.2747,0.3035,-1.7327,-0.36,729900,0.000978795,15,6.636079823,0.004685666,0.000448029,0.000978795,2,5745,2232,2437,1.819669278,2.183691756,"(-1.4, 0.0]",0.03581967,0.03581967,91182,301053
2015/6/10,-1.2582,0.9901,-2.1912,-0.15,597000,0.222222222,2,1.777777778,0,0.111111111,0.222222222,2,6358,9,8,1.817867254,1.777777778,"(-1.4, 0.0]",0.468470286,0.468470286,143948,349540
2015/6/11,-0.09,0.3216,-1.0825,0.3,564000,0.000979825,20,7.620234511,0.002092886,0.000464253,0.000979825,1,5751,2154,2272,1.763867154,2.109563603,"(0.0, 1.4]",0.027034217,0.027034217,89910,187086
2015/6/12,0.4247,1.1051,-0.3552,0.87,625600,0.00076911,19,7.52233949,0.004329963,0.0003663,0.00076911,1,7534,2730,2865,1.818157685,2.098901099,"(0.0, 1.4]",0.057642363,0.057642363,130463,267393
2015/6/15,0.1562,0.2022,-2.2764,-2,637800,0.000816437,24,8.178762438,0.001804533,0.000389408,0.000816437,2,6940,2568,2691,1.802017291,2.095794393,"(-4.2, -1.4]",0.039395414,0.039395414,86856,181105
2015/6/16,-1.157,-0.6579,-4.3629,-3.47,550800,0,0,0,0,1,1,2,9419,1,1,1.88639983,2,"(-4.2, -1.4]",1,1,231045,737016
2015/6/17,0.0638,1.9688,-2.4597,1.65,537100,0.000767093,19,7.700906491,0.002305223,0.000361925,0.000767093,1,7360,2763,2927,1.76875,2.118711545,"(1.4, 4.2]",0.02021882,0.02021882,96832,213539
2015/6/18,-0.5108,-0.0228,-3.7647,-3.67,507400,0.000683963,18,7.072659487,0.001842195,0.000318979,0.000683963,2,7978,3135,3360,1.82150915,2.14354067,"(-4.2, -1.4]",0.033979177,0.033979177,249717,529307
2015/6/19,-1.9941,-0.8625,-6.4542,-6.42,452700,1,1,1,0,0.5,1,2,17172,2,1,1.911483811,1,"(-10.0, -4.2]",0.5,0.5,3493152,9151096
2015/6/23,-0.1507,2.2235,-4.7694,2.19,473500,0.000602496,18,6.647209378,0.003687553,0.000280269,0.000602496,1,9004,3568,3834,1.858063083,2.149103139,"(1.4, 4.2]",0.058168293,0.058168293,246325,638261
2015/6/24,0.6137,2.5189,-0.5324,2.48,543000,0.000890491,18,6.68602127,0.003631412,0.000413736,0.000890491,1,7442,2417,2600,1.814028487,2.151427389,"(1.4, 4.2]",0.039897554,0.039897554,121743,319069
2015/6/25,0.4608,0.6514,-4.405,-3.46,572800,0.000524763,21,7.121954393,0.000723287,0.000252143,0.000524763,2,8164,3966,4126,1.829985301,2.08068583,"(-4.2, -1.4]",0.162536808,0.162536808,351456,474574
2015/6/26,-2.8236,-1.5655,-8.5748,-7.4,565200,0.000183551,20,6.477425302,0.002581469,8.25E-05,0.000183551,2,21408,12128,13498,1.968049327,2.225923483,"(-10.0, -4.2]",0.025120625,0.025120625,2391840,9252376
2015/6/29,2.311,2.4948,-7.5801,-3.34,673800,0.000156227,21,5.895581976,0.003331174,6.69E-05,0.000156227,2,21813,14937,17427,2.080777518,2.333400281,"(-4.2, -1.4]",0.027669472,0.027669472,9457056,30157356
2015/6/30,-1.1418,5.5992,-5.0616,5.53,709200,0,0,0,0,1,1,1,17280,1,1,1.996064815,2,"(4.2, 10.0]",1,1,2248592,10465642
2015/7/1,-1.4746,0.9312,-5.4675,-5.23,598800,0.000157151,16,5.81606859,0.00500837,6.79E-05,0.000157151,2,21301,14728,17043,2.077930614,2.314367192,"(-10.0, -4.2]",0.018969,0.017677887,5510715,23512664
2015/7/2,0.1215,0.6583,-6.3756,-3.48,586000,0.000128284,16,5.172093543,0.003281051,5.21E-05,0.000128284,2,26198,19178,23590,2.234903428,2.460110543,"(-4.2, -1.4]",0.018802496,0.018802496,14838332,68549349
2015/7/3,-3.0427,0.367,-7.2381,-5.77,548200,0.000122595,19,5.687937377,0.002637157,5.06E-05,0.000122595,2,27057,19751,23911,2.179177292,2.421244494,"(-10.0, -4.2]",0.02552145,0.02552145,9970470,43777484
2015/7/6,7.8195,7.8195,-0.9189,2.41,831100,0.00013588,19,6.078683506,0.002780756,5.53E-05,0.00013588,1,25242,18092,22237,2.198795658,2.458213575,"(1.4, 4.2]",0.026234827,0.026234827,7966102,30766358
2015/7/7,-3.2081,-0.6712,-5.0455,-1.29,698800,0.000114549,16,5.754399065,0.003039066,4.81E-05,0.000114549,2,27739,20797,24771,2.162010166,2.382170505,"(-1.4, 0.0]",0.018521296,0.018521296,16460855,57273369
2015/7/8,-6.9685,-3.4309,-8.1994,-5.9,680400,0.000101283,17,5.52280271,0.004303526,4.14E-05,0.000101283,2,32552,24170,29583,2.214364709,2.447910633,"(-10.0, -4.2]",0.022168453,0.022168453,14707576,74885182
2015/7/9,-2.131,6.8798,-3.8108,5.76,656900,0.000123348,17,5.906746934,0.002828801,5.29E-05,0.000123348,1,27336,18911,22055,2.105721393,2.332504891,"(4.2, 10.0]",0.01805871,0.01805871,9333180,37413866
2015/7/10,-0.0505,6.7368,-0.8599,4.54,586400,0.00022683,18,6.020593519,0.003093414,9.92E-05,0.00022683,1,17002,10085,11534,1.990001176,2.287357462,"(4.2, 10.0]",0.019518195,0.019518195,2939718,9165758
2015/7/13,1.0621,3.9299,-0.4942,2.39,643500,0.000500817,20,6.460666854,0.003592459,0.000227739,0.000500817,1,10460,4391,4827,1.882600382,2.198588021,"(1.4, 4.2]",0.022065731,0.022065731,279510,1280449
2015/7/14,-0.3026,1.6383,-2.8921,-1.16,670600,0.000590591,17,5.723349183,0.003857562,0.000267165,0.000590591,2,9212,3743,4136,1.871689101,2.209991985,"(-1.4, 0.0]",0.027858391,0.027858391,547072,1843570
2015/7/15,-1.2618,-0.2603,-4.6691,-3.03,601300,2,1,1,0,0.5,2,2,9666,2,2,1.887647424,2,"(-4.2, -1.4]",0.649122638,0.649122638,559344,1845980
2015/7/16,-1.2402,1.8869,-3.0812,0.46,492300,0.111111111,2,1.894736842,0,0.052631579,0.111111111,1,10956,19,19,1.887185104,2,"(0.0, 1.4]",0.475215139,0.475215139,1319712,2134047
2015/7/17,0.2157,4.4806,-0.2362,3.51,481700,0.000718953,16,6.15919207,0.001730641,0.000332779,0.000718953,1,7622,3005,3245,1.845709787,2.159733777,"(1.4, 4.2]",0.050892403,0.050892403,445332,866816
2015/7/20,-0.2257,1.6166,-0.7639,0.88,539100,1,1,1,0,0.5,1,1,7219,2,1,1.867294639,1,"(0.0, 1.4]",0.5,0.5,360472,1048384
2015/7/21,-1.3079,1.2452,-1.9866,0.64,504300,0.000842516,15,7.040107926,0.001075944,0.000393391,0.000842516,1,5944,2542,2721,1.797442799,2.140833989,"(0.0, 1.4]",0.026505773,0.026505773,94612,307465
2015/7/22,-0.5289,0.6139,-1.414,0.21,520700,0.133333333,2,1.875,0,0.0625,0.133333333,1,5679,16,16,1.799260433,2,"(0.0, 1.4]",0.478257771,0.478257771,82592,293693
2015/7/23,-0.0938,2.6469,-0.174,2.43,563600,0.1,2,1.904761905,0,0.047619048,0.1,1,5223,21,21,1.762205629,2,"(1.4, 4.2]",0.473688031,0.473688031,26600,115421
2015/7/24,0.0202,1.4677,-1.9179,-1.29,627400,0.111111111,2,1.894736842,0,0.052631579,0.111111111,2,6015,19,19,1.841064007,2,"(-1.4, 0.0]",0.475215139,0.475215139,54480,174711
2015/7/27,-2.0963,-0.4851,-8.609,-8.48,556000,0.000445,18,6.482873956,0.00338734,0.000201369,0.000445,2,9833,4966,5486,1.922912641,2.209424084,"(-10.0, -4.2]",0.015638087,0.015638087,294996,1325570
2015/7/28,-4.0911,0.9923,-5.0516,-1.68,563300,0.000337482,18,5.621557195,0.003527736,0.000150286,0.000337482,2,10522,6654,7470,1.979851739,2.245266005,"(-4.2, -1.4]",0.032268077,0.032268077,2311686,6563114
2015/7/29,0.7323,3.5236,-1.3906,3.44,434400,0.074074074,2,1.925925926,0,0.037037037,0.074074074,1,8543,27,26,1.899566897,1.925925926,"(1.4, 4.2]",0.4624682,0.4624682,1186768,2297612
2015/7/30,-0.4059,1.4569,-2.7239,-2.2,457900,0.00059882,20,7.038772494,0.002989221,0.000279486,0.00059882,2,7207,3578,3832,1.831552657,2.141978759,"(-4.2, -1.4]",0.02691866,0.02691866,134420,604359
2015/7/31,-1.3519,0.6408,-2.3099,-1.13,351000,0.000547085,19,7.061528242,0.002997684,0.000255232,0.000547085,2,7603,3918,4198,1.846639484,2.142930066,"(-1.4, 0.0]",0.022786989,0.022786989,221064,723533
2015/8/3,-1.3302,-0.4035,-3.1179,-1.11,364000,1,1,1,0,0.5,1,2,6519,2,1,1.903973002,1,"(-1.4, 0.0]",0.5,0.5,190877,584802
2015/8/4,-0.029,3.7021,-0.5966,3.69,362900,0.000799034,20,5.731829519,0.002394526,0.000373552,0.000799034,1,5517,2677,2862,1.830342577,2.138214419,"(1.4, 4.2]",0.051338376,0.051338376,359775,769059
2015/8/5,-0.2901,0.687,-2.1337,-1.65,366400,0.000710589,18,7.198493358,0.002975358,0.000338868,0.000710589,2,5593,2951,3093,1.826211336,2.096238563,"(-4.2, -1.4]",0.086899352,0.086899352,64848,260898
2015/8/6,-1.8695,0.433,-2.1608,-0.89,274100,0.000810889,18,6.822475691,0.005040808,0.000375657,0.000810889,2,5432,2662,2872,1.851620029,2.157776108,"(-1.4, 0.0]",0.028146672,0.028146672,170702,397524
2015/8/7,0.8487,2.6,0.6762,2.26,340800,0.000824859,16,6.140910667,0.001977554,0.000381679,0.000824859,1,5935,2620,2830,1.856107835,2.160305344,"(1.4, 4.2]",0.023841065,0.022245465,158730,555513
2015/8/10,1.1171,5.3261,0.8453,4.92,497300,0.666666667,2,1.5,0,0.25,0.666666667,1,7363,4,4,1.594187152,2,"(4.2, 10.0]",0.541985357,0.541985357,120652,240198
2015/8/11,0.01,1.0671,-0.9479,-0.01,538900,1,1,1,0,0.5,1,2,7900,2,1,1.616455696,1,"(-1.4, 0.0]",0.5,0.5,186558,434726
