Date,open,high,low,close,volume,Network diameter,The average shortest path length of the network,The average clustering coefficient of the network,The average degree centrality of the network,Number of network nodes,number_of_nodes_for_largest_subgraph,The average degree of the network,bins,pagerank,ci_max,ci_global,retweeted,su,original
2014/12/2,-0.482,3.6047,-0.5616,3.08,437700,17,7.113971109,0.002587671,0.001717739,2709,1269,1.80952381,"(1.4, 4.2]",0.030927465,15225,64672,2808,21732,18924
2014/12/3,0.194,2.2025,-1.0657,0.59,562100,2,1.994962217,0,0.005050505,3517,397,1.839067387,"(0.0, 1.4]",0.460110512,20002,90681,3782,27462,23680
2014/12/4,0.1343,4.3447,-0.2628,4.34,532700,17,5.356455838,0.005364768,0.000493112,6806,4483,1.988833382,"(4.2, 10.0]",0.038969711,1040588,3545908,7932,39274,31342
2014/12/5,0.9037,2.6778,-3.0103,1.32,640500,16,5.836186974,0.00491893,0.000616478,5870,3578,1.933219761,"(0.0, 1.4]",0.024524542,336622,1333848,6567,37434,30867
2014/12/8,-1.0537,3.5006,-2.0054,2.82,587600,19,6.281436652,0.00296207,0.000963667,4185,2310,1.889127838,"(1.4, 4.2]",0.026344728,89760,387569,4630,29860,25230
2014/12/9,-0.9609,2.3101,-6.1867,-5.35,772000,19,6.124146126,0.002881945,0.000511922,7074,4271,1.916878711,"(-10.0, -4.2]",0.037887889,601976,1750315,7887,42910,35023
2014/12/10,-0.1391,3.0346,-1.8267,2.83,512900,18,7.150180647,0.002609333,0.001037099,4584,2064,1.784904014,"(1.4, 4.2]",0.021474075,45144,187418,4862,32725,27863
2014/12/11,-0.9702,0.8432,-1.6412,-0.51,482600,1,1,0,1,3399,2,1.780523683,"(-1.4, 0.0]",0.5,59800,126825,3554,27990,24436
2014/12/12,0.1236,1.2567,-0.3687,0.42,409500,18,7.151259095,0.003887727,0.002377605,2628,901,1.741248097,"(0.0, 1.4]",0.022069054,11685,34998,2662,23294,20632
2014/12/15,-0.5693,0.7506,-1.6088,0.52,400400,2,1.666666667,0,0.333333333,2598,6,1.760585065,"(0.0, 1.4]",0.472971649,23310,59812,3074,24132,21058
2014/12/16,0.0132,2.3185,-0.322,2.31,453800,0,0,0,1,3079,1,1.83176356,"(1.4, 4.2]",1,58320,147944,3647,26592,22945
2014/12/17,0.3453,1.823,-0.9328,1.31,542500,18,7.332268066,0.002795734,0.001265006,3319,1725,1.847544441,"(0.0, 1.4]",0.035667485,36064,138112,3808,27324,23516
2014/12/18,0.0582,0.9399,-1.003,-0.11,435900,19,7.34055911,0.001013448,0.001713354,2938,1272,1.82573179,"(-1.4, 0.0]",0.025092822,16008,71526,3367,22023,18656
2014/12/19,-0.1454,1.9626,-1.2788,1.67,521100,15,5.838837889,0.001717681,0.001990512,2675,1114,1.825046729,"(1.4, 4.2]",0.04331804,44965,123756,3083,20859,17776
2014/12/22,0.665,2.6144,-0.5818,0.61,679400,1,1,0,1,3572,2,1.896416573,"(0.0, 1.4]",0.5,76970,167360,4140,33393,29253
2014/12/23,-1.3546,0.3003,-3.2544,-3.03,437800,0,0,0,1,3674,1,1.794774088,"(-4.2, -1.4]",1,20586,52328,4051,29676,25625
2014/12/24,0.2174,0.5901,-3.2217,-1.98,376800,18,6.91042618,0.00340189,0.001344361,3439,1588,1.836580401,"(-4.2, -1.4]",0.055545086,49868,142272,3827,28707,24880
2014/12/25,0.6705,3.3915,-0.0894,3.36,376900,18,6.779495079,0.000505996,0.003076714,2428,687,1.719110379,"(1.4, 4.2]",0.038601046,14446,27883,2649,27381,24732
2014/12/26,0.178,2.9819,-0.2721,2.77,460700,20,7.574867614,0.005439215,0.002411312,2470,897,1.778137652,"(1.4, 4.2]",0.033736112,22134,45693,2856,31720,28864
2014/12/29,1.7404,2.0983,-0.971,0.33,510100,2,1.6,0,0.4,3716,5,1.828848224,"(0.0, 1.4]",0.475676689,75900,115261,3817,28014,24197
2014/12/30,-0.2277,0.7034,-1.1889,-0.07,397700,1,1,0,1,2799,2,1.74776706,"(-1.4, 0.0]",0.5,17952,50179,2797,22885,20088
2014/12/31,0.2142,2.323,-0.2703,2.18,406000,27,9.169810477,0.003218925,0.003248963,2380,635,1.713445378,"(1.4, 4.2]",0.053540044,5400,14610,2357,20917,18560
2015/1/5,0.7404,4.1613,0.5938,3.58,531400,2,1.6,0,0.4,2786,5,1.787508973,"(1.4, 4.2]",0.475676689,17873,51148,2885,25211,22326
2015/1/6,-0.5886,1.3044,-1.4128,0.03,501700,10,4.572344322,0.006522964,0.012045647,2513,169,1.693593315,"(0.0, 1.4]",0.174049777,2183,6646,2412,25134,22722
2015/1/7,-0.7399,0.6997,-1.1707,0.67,391900,1,1,0,1,2394,2,1.729323308,"(0.0, 1.4]",0.5,4104,19187,2514,24163,21649
2015/1/8,-0.0592,0.2256,-2.6337,-2.39,371100,2,1.666666667,0,0.333333333,2839,6,1.775272983,"(-4.2, -1.4]",0.472971649,19982,43011,2877,23643,20766
2015/1/9,-0.5007,3.3818,-0.7878,-0.24,410200,18,6.772799236,0.002151079,0.001725229,2792,1245,1.8252149,"(-1.4, 0.0]",0.034688301,37888,85297,2938,24826,21888
2015/1/12,-0.8279,-0.3113,-2.856,-1.71,322100,1,1,0,1,2138,2,1.695042095,"(-4.2, -1.4]",0.5,3468,14589,2125,21509,19384
2015/1/13,-0.1788,0.9312,-0.4615,0.19,230700,21,7.491312071,0.005103611,0.002717278,2142,791,1.735760971,"(0.0, 1.4]",0.036719222,13860,39672,2243,19820,17577
2015/1/14,0.2175,1.0256,-1.2773,-0.4,240200,20,6.659543136,0,0.003393613,2109,627,1.707918445,"(-1.4, 0.0]",0.069051305,10486,23163,2103,20279,18176
2015/1/15,0.0507,3.5578,-0.4621,3.54,282500,2,1.333333333,0,0.666666667,2092,3,1.702676864,"(1.4, 4.2]",0.486485824,9492,20149,2081,19366,17285
2015/1/16,0.2142,1.9141,0.1209,1.2,339900,16,5.432503928,0.00705445,0.001673582,2593,1334,1.875048207,"(0.0, 1.4]",0.044228165,89739,251067,2867,20712,17845
2015/1/19,-5.5314,-3.3848,-8.335,-7.7,401100,2,1.866666667,0,0.142857143,6732,15,1.962566845,"(-10.0, -4.2]",0.47955698,1148199,2449349,7591,39411,31820
2015/1/20,-0.0575,2.3712,-0.5094,1.82,357100,0,0,0,1,4150,1,1.838072289,"(1.4, 4.2]",1,87761,222436,4493,28826,24333
2015/1/21,0.5053,5.167,0.1667,4.74,411000,19,6.808097914,0.001473749,0.001876053,3040,1147,1.749342105,"(4.2, 10.0]",0.031094966,26322,97426,3429,22628,19199
2015/1/22,0.1116,0.8657,-0.8916,0.59,353400,6,2.52195122,0,0.051219512,2429,41,1.703581721,"(0.0, 1.4]",0.366873012,17983,40548,2588,19304,16716
2015/1/23,0.4113,1.8976,-0.4502,0.25,366200,2,1.5,0,0.5,2258,4,1.671390611,"(0.0, 1.4]",0.479730574,8225,23409,2302,20019,17717
2015/1/26,-0.1345,0.9856,-0.9084,0.94,317500,2,1.875,0,0.125,1899,16,1.648235914,"(0.0, 1.4]",0.464523697,1824,4192,1889,18618,16729
2015/1/27,0.1972,0.2079,-2.7478,-0.89,374500,2,1.2,0.866666667,1.2,2254,5,1.71162378,"(-1.4, 0.0]",0.243426328,8041,24789,2228,20091,17863
2015/1/28,-0.8124,0.0549,-1.7389,-1.41,301900,2,1.333333333,0,0.666666667,2314,3,1.723422645,"(-4.2, -1.4]",0.486485824,20304,57919,2236,21289,19053
2015/1/29,-1.4139,-0.5733,-2.1628,-1.31,274700,16,6.697588397,0.00317486,0.001332454,3322,1611,1.832630945,"(-1.4, 0.0]",0.054943164,88506,185641,4321,21859,17538
2015/1/30,0.3507,0.8031,-1.5939,-1.59,258300,2,1.8,0,0.2,4666,10,1.936562366,"(-4.2, -1.4]",0.467565368,256608,815270,5956,23534,17578
2015/2/2,-1.9383,-1.0974,-2.7346,-2.56,250900,7,3.028571429,0,0.119047619,2823,21,1.797378675,"(-4.2, -1.4]",0.241253243,40020,94186,4321,23264,18943
2015/2/3,0.8882,2.5456,0.0458,2.45,248200,15,6.188053107,0.005216122,0.001675301,2913,1336,1.860624785,"(1.4, 4.2]",0.037247278,68500,161442,4464,21519,17055
2015/2/4,0.247,1.0632,-1.0535,-0.96,249100,17,6.108804787,0.003719213,0.000895462,4122,2463,1.935468219,"(-1.4, 0.0]",0.02337289,114695,511148,5820,24948,19128
2015/2/5,2.4286,2.4286,-1.2068,-1.18,306100,14,6.442797747,0.003388603,0.001009109,4409,2191,1.916987979,"(-1.4, 0.0]",0.017610001,63365,271555,6303,24996,18693
2015/2/6,-0.5242,-0.2229,-2.6651,-1.93,246700,19,7.063304303,0.003848489,0.001642999,3125,1335,1.84384,"(-4.2, -1.4]",0.025654116,21120,81125,5141,21387,16246
2015/2/9,-0.403,1.4021,-0.8712,0.62,206100,19,7.03826649,0.005812811,0.002308285,2487,929,1.773220748,"(0.0, 1.4]",0.031306864,20770,59069,4371,22707,18336
2015/2/10,-0.1497,1.5177,-0.3512,1.5,193800,2,1.75,0,0.25,2617,8,1.780664883,"(1.4, 4.2]",0.469596347,20468,69650,4369,21233,16864
2015/2/11,0.1328,0.7903,-0.0809,0.51,172800,1,1,0,1,2181,2,1.738651994,"(0.0, 1.4]",0.5,11765,35273,3470,18132,14662
2015/2/12,0.0081,0.762,-0.743,0.5,194600,18,7.239184495,0.001115698,0.003333981,2147,634,1.738239404,"(0.0, 1.4]",0.056436514,14175,29100,3690,17645,13955
2015/2/13,0.422,2.0087,0.2955,0.96,261300,18,7.162502169,0.003028806,0.006264099,1760,340,1.695454545,"(0.0, 1.4]",0.049302906,3783,9478,2314,20376,18062
2015/2/16,0.0721,0.7809,-0.2479,0.58,223800,1,1,0,1,2308,2,1.773830156,"(0.0, 1.4]",0.5,0,0,2389,17506,15117
2015/2/17,0.2644,1.0353,0.261,0.76,228300,2,1.894736842,0,0.105263158,2983,19,1.829031177,"(0.0, 1.4]",0.463730891,63680,68878,3049,15922,12873
2015/2/25,0.2948,0.3177,-0.9657,-0.56,233300,13,5.666108361,0,0.005136413,1855,402,1.680862534,"(-1.4, 0.0]",0.073027358,6708,19612,1875,17434,15559
2015/2/26,-0.2073,2.2229,-0.8255,2.15,301300,1,1,0,1,1737,2,1.717904433,"(1.4, 4.2]",0.5,6726,19043,2407,19580,17173
2015/2/27,-0.0463,0.7939,-0.2229,0.36,299200,0,0,0,1,1827,1,1.718664477,"(0.0, 1.4]",1,11000,24735,2974,19632,16658
2015/3/2,0.6772,0.7992,-0.3514,0.78,346400,0,0,0,1,3312,1,1.77173913,"(0.0, 1.4]",1,62792,80568,5145,24286,19141
2015/3/3,-0.5572,-0.5572,-2.2737,-2.2,382000,2,1.333333333,0,0.666666667,2805,3,1.736898396,"(-4.2, -1.4]",0.486485824,12546,25681,4295,23934,19639
2015/3/4,0.0346,0.7213,-0.3852,0.51,293600,23,7.700763359,0.007959464,0.003991276,2555,525,1.744031311,"(0.0, 1.4]",0.094667405,11628,16642,3847,23474,19627
2015/3/5,-0.471,-0.3932,-1.7645,-0.95,320700,1,1,0,1,2336,2,1.70890411,"(-1.4, 0.0]",0.5,2565,6353,3703,23028,19325
2015/3/6,-0.0136,0.5682,-0.4292,-0.22,282900,0,0,0,1,5243,1,1.892427999,"(-1.4, 0.0]",1,261387,276986,6445,24272,17827
2015/3/9,-0.5206,2.0522,-1.321,1.89,321500,20,6.735538608,0.001704863,0.001420496,3045,1473,1.829885057,"(1.4, 4.2]",0.205336288,31512,65347,4206,23248,19042
2015/3/10,-0.4034,0.2273,-0.7665,-0.49,285800,0,0,0,1,3672,1,1.821895425,"(-1.4, 0.0]",1,33116,55611,4727,24431,19704
2015/3/11,0.1073,1.1864,-0.2312,0.15,283000,2,1.714285714,0,0.285714286,2756,7,1.783744557,"(0.0, 1.4]",0.471041052,7144,20464,4026,24595,20569
2015/3/12,0.7266,2.1014,0.2914,1.78,357300,1,1,0,1,2597,2,1.739699653,"(1.4, 4.2]",0.5,4590,15496,3957,23711,19754
2015/3/13,0.3035,1.252,0.0844,0.7,328400,19,7.660332941,0.007781504,0.003434377,2531,627,1.765310154,"(0.0, 1.4]",0.059001919,4536,12458,3798,23578,19780
2015/3/16,0.541,2.2649,0.1238,2.26,399100,1,1,0,1,2682,2,1.754660701,"(1.4, 4.2]",0.5,6018,7938,2858,25525,22667
2015/3/17,0.5885,1.5893,0.3012,1.55,520900,0,0,0,1,2884,1,1.783633842,"(1.4, 4.2]",1,16464,55498,3593,28638,25045
2015/3/18,0.2185,2.1358,0.0287,2.13,545200,20,8.081610172,0.002956134,0.001979499,3156,1091,1.818757921,"(1.4, 4.2]",0.028314062,7344,33911,4378,30337,25959
2015/3/19,-0.0358,0.6537,-0.8514,0.14,537300,2,1.666666667,0,0.4,2997,6,1.728395062,"(0.0, 1.4]",0.512196116,2080,8281,4250,29484,25234
2015/3/20,0.1344,1.3976,-0.3599,0.98,516700,1,1,0,2,4216,2,1.890417457,"(0.0, 1.4]",0.649122638,46789,129429,5708,30643,24935
2015/3/23,0.6299,1.9609,0.5022,1.95,536100,18,6.98859802,0.00436016,0.001960765,3646,1092,1.821722436,"(1.4, 4.2]",0.033236548,30996,77612,4984,28498,23514
2015/3/24,0.1313,0.7632,-2.36,0.1,639600,20,7.502910944,0.001152235,0.000821023,5105,2535,1.849951028,"(0.0, 1.4]",0.194817265,55848,126314,6460,33825,27365
2015/3/25,-0.2833,0.0472,-1.5401,-0.83,521900,18,7.051680907,0.003174041,0.001117592,4686,1940,1.876653863,"(-1.4, 0.0]",0.025764436,50616,183488,6326,32092,25766
2015/3/26,-0.5132,1.2727,-1.2488,0.58,488600,2,1.333333333,0,0.666666667,4583,3,1.816277547,"(0.0, 1.4]",0.486485824,8672,43118,6197,30599,24402
2015/3/27,0.1097,0.7708,-0.6861,0.24,408900,4,2.422222222,0,0.244444444,3479,10,1.794193734,"(0.0, 1.4]",0.279064299,34200,101944,5188,28867,23679
2015/3/30,0.5287,2.8403,0.5287,2.59,564700,0,0,0,1,3798,1,1.814112691,"(1.4, 4.2]",1,32263,132216,5326,34812,29486
2015/3/31,0.9618,1.294,-1.3079,-1.02,561700,4,2.431578947,0,0.110526316,3739,20,1.837924579,"(-1.4, 0.0]",0.371643506,33174,117028,5284,33765,28481
2015/4/1,0.0118,1.8459,-0.1517,1.66,447500,2,1.714285714,0,0.285714286,3518,7,1.793064241,"(1.4, 4.2]",0.471041052,27084,94113,5301,31437,26136
2015/4/2,0.4565,0.6602,-0.9028,0.41,479300,2,1.714285714,0,0.285714286,3735,7,1.804551539,"(0.0, 1.4]",0.471041052,125904,247415,4912,32503,27591
2015/4/3,-0.5855,1.0095,-0.8775,1,473000,18,6.535276528,0.005746693,0.001153171,3808,1887,1.853466387,"(0.0, 1.4]",0.025141752,58125,287724,4953,29205,24252
2015/4/7,0.9185,2.5295,0.7195,2.52,570400,14,5.816815045,0.002446483,0.000831644,4404,2645,1.944141689,"(1.4, 4.2]",0.026539717,168020,708241,6062,30271,24209
2015/4/8,0.3825,0.9805,-1.4573,0.84,618100,2,1.935483871,0,0.064516129,5018,31,1.899163013,"(0.0, 1.4]",0.462068158,207940,662878,6230,30877,24647
2015/4/9,0.2833,0.5403,-2.3727,-0.93,585200,20,6.977561669,0.004672062,0.001108787,4776,1950,1.824539363,"(-1.4, 0.0]",0.046679529,94248,231066,5625,30204,24579
2015/4/10,-0.2537,2.0926,-0.7129,1.94,484300,19,7.539709915,0.002425854,0.001340108,3521,1605,1.806305027,"(1.4, 4.2]",0.036343248,16168,69258,4127,21895,17768
2015/4/13,0.9522,2.3241,0.5697,2.17,589800,17,6.336246505,0.002813118,0.000832933,5342,2586,1.857731187,"(1.4, 4.2]",0.02096267,119356,518741,6521,32111,25590
2015/4/14,0.0987,1.1314,-0.739,0.34,610700,1,1,0,1,8400,2,1.905,"(0.0, 1.4]",0.5,1538238,2443171,9386,32622,23236
2015/4/15,0.002,0.9655,-1.6094,-1.24,613000,2,1.5,0,1,5213,4,1.804718972,"(-1.4, 0.0]",0.225146355,39900,159268,5794,30265,24471
2015/4/16,-0.6916,2.7213,-1.2957,2.71,551200,20,6.743320096,0.001964909,0.001008397,4848,2120,1.78960396,"(1.4, 4.2]",0.051194535,149328,311592,5611,28020,22409
2015/4/17,1.4279,2.9179,1.051,2.2,701700,20,7.026582127,0.002594997,0.000841413,5881,2621,1.876211529,"(1.4, 4.2]",0.038415968,282934,589942,8279,31484,23205
2015/4/20,0.3279,1.6025,-2.2535,-1.64,857100,19,6.874365009,0.003895716,0.000619686,7039,3503,1.871004404,"(-4.2, -1.4]",0.020738231,104544,479124,7992,38060,30068
2015/4/21,-0.116,1.833,-0.676,1.82,634500,1,1,0,1,6109,2,1.865771812,"(1.4, 4.2]",0.5,145748,453638,6769,34461,27692
2015/4/22,0.2556,2.482,0.1008,2.44,680300,2,1.846153846,0,0.179487179,7028,13,1.896983495,"(1.4, 4.2]",0.465374836,274008,742829,9181,38275,29094
2015/4/23,0.3635,1.0439,-0.9014,0.36,667300,0,0,0,1,7744,1,1.946022727,"(0.0, 1.4]",1,319830,1085784,10223,39076,28853
2015/4/24,-1.3265,0.0423,-2.1835,-0.47,628600,18,6.208362114,0.003645557,0.000725782,6387,3022,1.891654924,"(-1.4, 0.0]",0.038067588,365850,851925,7584,35054,27470
2015/4/27,1.098,3.0965,1.098,3.04,671100,16,6.123044444,0.006006031,0.000715988,5583,3038,1.879276375,"(1.4, 4.2]",0.028061028,262152,747629,6605,37364,30759
2015/4/28,0.0053,0.9938,-2.0871,-1.13,767700,18,6.567398124,0.003886767,0.000896391,5491,2449,1.844108541,"(-1.4, 0.0]",0.026057367,175305,389742,6548,37159,30611
2015/4/29,-0.6723,0.5301,-1.7331,0.01,519800,2,1.6,0,0.4,6550,5,1.872977099,"(0.0, 1.4]",0.475676689,113600,352211,7380,35672,28292
2015/4/30,0.1428,0.6863,-0.7945,-0.78,526700,2,1.846153846,0,0.166666667,8569,13,1.902905823,"(-1.4, 0.0]",0.482761417,1580558,1806422,8898,35477,26579
2015/5/4,-0.007,1.0337,-1.2209,0.87,494200,15,3.973933126,0.000523598,0.000301848,8939,6737,1.912741917,"(0.0, 1.4]",0.310195996,4295592,4482220,9994,34742,24748
2015/5/5,-0.0137,0.1875,-4.4243,-4.06,572900,16,5.795846394,0.004427788,0.000633352,6887,3485,1.930884275,"(-4.2, -1.4]",0.033064416,408304,1491362,8476,41865,33389
2015/5/6,0.3009,1.8063,-2.59,-1.62,481700,19,6.289804088,0.001178725,0.000505754,7602,4218,1.872401999,"(-4.2, -1.4]",0.101856012,474122,1043565,8956,43676,34720
2015/5/7,-0.7417,-0.3665,-2.8671,-2.77,394600,2,1.818181818,0,0.2,8364,11,1.853897657,"(-4.2, -1.4]",0.487181651,290640,731800,9305,46565,37260
2015/5/8,0.9914,2.3016,-0.3203,2.28,397400,0,0,0,1,7518,1,1.847299814,"(1.4, 4.2]",1,250380,748236,8685,42116,33431
2015/5/11,0.6028,3.0662,-0.4303,3.04,488800,17,4.764006365,0.000692311,0.000449573,7630,4558,1.86474443,"(1.4, 4.2]",0.303606876,505176,607507,8679,34968,26289
2015/5/12,0.2027,1.5859,-0.3602,1.56,521900,15,2.217716769,0.000215477,3.53E-05,59495,56964,1.988335154,"(1.4, 4.2]",0.427233894,94227840,94572700,61518,89267,27749
2015/5/13,0.0263,0.3274,-1.3346,-0.58,510500,16,2.424841002,0.000140664,5.79E-05,37291,34738,1.980424231,"(-1.4, 0.0]",0.430186003,55488000,55958309,38506,65188,26682
2015/5/14,-0.0673,0.5024,-1.0676,0.06,449100,19,3.860004607,0.000385545,0.000222671,12285,9112,1.923158323,"(0.0, 1.4]",0.361920158,1821975,2061695,12619,40091,27472
2015/5/15,-0.2624,-0.2624,-2.2785,-1.59,439700,17,6.655153981,0.001833621,0.000826709,5899,2552,1.845736566,"(-4.2, -1.4]",0.141933063,79520,215269,6547,32151,25604
2015/5/18,-0.7147,0.3745,-1.1183,-0.58,380100,0,0,0,1,3850,1,1.748051948,"(-1.4, 0.0]",1,15456,57457,4159,28584,24425
2015/5/19,0.0534,3.1496,0.0534,3.13,436700,22,7.960709376,0.000776166,0.001616747,4532,1299,1.783318623,"(1.4, 4.2]",0.042520768,35000,78977,5079,33445,28366
2015/5/20,0.3945,2.3313,0.3334,0.65,514100,18,8.021812609,0.001023447,0.0014992,4639,1408,1.764173313,"(0.0, 1.4]",0.035636993,31464,87096,5121,31966,26845
2015/5/21,0.2282,1.8935,-0.1806,1.87,465000,16,6.140934081,0.002498001,0.001038773,5592,2067,1.833690987,"(1.4, 4.2]",0.073299958,251419,367296,6157,33948,27791
2015/5/22,1.2267,2.8448,0.7411,2.83,655600,18,6.19715881,0.002177877,0.000932322,5310,2332,1.82259887,"(1.4, 4.2]",0.061744149,310860,566831,5825,31662,25837
2015/5/25,0.0532,3.3725,-0.0166,3.35,682500,0,0,0,1,4969,1,1.783859932,"(1.4, 4.2]",1,51324,176304,5263,32516,27253
2015/5/26,0.8528,2.0335,-0.7213,2.02,704900,2,1.333333333,0,0.666666667,6460,3,1.839318885,"(1.4, 4.2]",0.486485824,130320,385525,6900,36120,29220
2015/5/27,0.4469,0.9623,-1.0964,0.63,681200,19,6.809664582,0.002330802,0.00092407,6039,2341,1.811558205,"(0.0, 1.4]",0.020574052,61748,273485,6574,38444,31870
2015/5/28,0.041,0.9063,-6.6267,-6.5,783000,23,6.976685405,0.002814682,0.00033225,12697,6420,1.846577932,"(-10.0, -4.2]",0.038419878,619095,2351977,13395,63364,49969
2015/5/29,-0.3636,1.6866,-4.0842,-0.18,611300,18,6.068289346,0.004998282,0.000439713,11385,4889,1.831884058,"(-1.4, 0.0]",0.048664255,1121728,2416867,12040,53511,41471
2015/6/1,0.463,4.7218,0.0756,4.71,593400,19,7.82735119,0.00222867,0.001094664,6149,1941,1.805822085,"(4.2, 10.0]",0.02790209,36200,141768,6918,31876,24958
2015/6/2,0.3307,1.7155,-0.6458,1.69,623700,17,6.641466819,0.001159465,0.000781811,7149,2749,1.832144356,"(1.4, 4.2]",0.028683053,193640,644962,7824,32938,25114
2015/6/3,0.2821,0.6423,-1.7938,-0.01,611500,19,6.996866226,0.002622748,0.000922108,7013,2337,1.832311422,"(-1.4, 0.0]",0.017330627,82600,250981,7451,30036,22585
2015/6/4,0.0604,0.7737,-5.3477,0.76,675000,18,6.704124795,0.001862788,0.000573015,9350,3722,1.871229947,"(0.0, 1.4]",0.070008933,577840,913524,9959,37973,28014
2015/6/5,1.3945,2.1128,-0.9912,1.54,772200,19,6.759451371,0.002820233,0.000725651,7806,2947,1.816551371,"(1.4, 4.2]",0.038017152,305408,678622,8097,34057,25960
2015/6/8,0.4499,2.4657,-0.5099,2.17,855000,17,6.842512591,0.000684159,0.000954751,5569,2223,1.806069312,"(1.4, 4.2]",0.039244213,96642,384677,6061,32134,26073
2015/6/9,0.2747,0.3035,-1.7327,-0.36,729900,15,6.636079823,0.004685666,0.000978795,5745,2232,1.819669278,"(-1.4, 0.0]",0.03581967,91182,301053,6132,30509,24377
2015/6/10,-1.2582,0.9901,-2.1912,-0.15,597000,2,1.777777778,0,0.222222222,6358,9,1.817867254,"(-1.4, 0.0]",0.468470286,143948,349540,6744,32876,26132
2015/6/11,-0.09,0.3216,-1.0825,0.3,564000,20,7.620234511,0.002092886,0.000979825,5751,2154,1.763867154,"(0.0, 1.4]",0.027034217,89910,187086,5856,30015,24159
2015/6/12,0.4247,1.1051,-0.3552,0.87,625600,19,7.52233949,0.004329963,0.00076911,7534,2730,1.818157685,"(0.0, 1.4]",0.057642363,130463,267393,7630,30800,23170
2015/6/15,0.1562,0.2022,-2.2764,-2,637800,24,8.178762438,0.001804533,0.000816437,6940,2568,1.802017291,"(-4.2, -1.4]",0.039395414,86856,181105,7312,31100,23788
2015/6/16,-1.157,-0.6579,-4.3629,-3.47,550800,0,0,0,1,9419,1,1.88639983,"(-4.2, -1.4]",1,231045,737016,12025,41204,29179
2015/6/17,0.0638,1.9688,-2.4597,1.65,537100,19,7.700906491,0.002305223,0.000767093,7360,2763,1.76875,"(1.4, 4.2]",0.02021882,96832,213539,7980,34998,27018
2015/6/18,-0.5108,-0.0228,-3.7647,-3.67,507400,18,7.072659487,0.001842195,0.000683963,7978,3135,1.82150915,"(-4.2, -1.4]",0.033979177,249717,529307,8744,34879,26135
2015/6/19,-1.9941,-0.8625,-6.4542,-6.42,452700,1,1,0,1,17172,2,1.911483811,"(-10.0, -4.2]",0.5,3493152,9151096,18760,66543,47783
2015/6/23,-0.1507,2.2235,-4.7694,2.19,473500,18,6.647209378,0.003687553,0.000602496,9004,3568,1.858063083,"(1.4, 4.2]",0.058168293,246325,638261,10724,40173,29449
2015/6/24,0.6137,2.5189,-0.5324,2.48,543000,18,6.68602127,0.003631412,0.000890491,7442,2417,1.814028487,"(1.4, 4.2]",0.039897554,121743,319069,8339,32203,23864
2015/6/25,0.4608,0.6514,-4.405,-3.46,572800,21,7.121954393,0.000723287,0.000524763,8164,3966,1.829985301,"(-4.2, -1.4]",0.162536808,351456,474574,8394,32315,23921
2015/6/26,-2.8236,-1.5655,-8.5748,-7.4,565200,20,6.477425302,0.002581469,0.000183551,21408,12128,1.968049327,"(-10.0, -4.2]",0.025120625,2391840,9252376,23609,79651,56042
2015/6/29,2.311,2.4948,-7.5801,-3.34,673800,21,5.895581976,0.003331174,0.000156227,21813,14937,2.080777518,"(-4.2, -1.4]",0.027669472,9457056,30157356,25491,96464,70973
2015/6/30,-1.1418,5.5992,-5.0616,5.53,709200,0,0,0,1,17280,1,1.996064815,"(4.2, 10.0]",1,2248592,10465642,19460,70839,51379
2015/7/1,-1.4746,0.9312,-5.4675,-5.23,598800,16,5.81606859,0.00500837,0.000157151,21301,14728,2.077930614,"(-10.0, -4.2]",0.017677887,5510715,23512664,25236,71766,46530
2015/7/2,0.1215,0.6583,-6.3756,-3.48,586000,16,5.172093543,0.003281051,0.000128284,26198,19178,2.234903428,"(-4.2, -1.4]",0.018802496,14838332,68549349,34181,101269,67088
2015/7/3,-3.0427,0.367,-7.2381,-5.77,548200,19,5.687937377,0.002637157,0.000122595,27057,19751,2.179177292,"(-10.0, -4.2]",0.02552145,9970470,43777484,33653,97532,63879
2015/7/6,7.8195,7.8195,-0.9189,2.41,831100,19,6.078683506,0.002780756,0.00013588,25242,18092,2.198795658,"(1.4, 4.2]",0.026234827,7966102,30766358,31795,91306,59511
2015/7/7,-3.2081,-0.6712,-5.0455,-1.29,698800,16,5.754399065,0.003039066,0.000114549,27739,20797,2.162010166,"(-1.4, 0.0]",0.018521296,16460855,57273369,34332,94508,60176
2015/7/8,-6.9685,-3.4309,-8.1994,-5.9,680400,17,5.52280271,0.004303526,0.000101283,32552,24170,2.214364709,"(-10.0, -4.2]",0.022168453,14707576,74885182,42824,121001,78177
2015/7/9,-2.131,6.8798,-3.8108,5.76,656900,17,5.906746934,0.002828801,0.000123348,27336,18911,2.105721393,"(4.2, 10.0]",0.01805871,9333180,37413866,35581,97893,62312
2015/7/10,-0.0505,6.7368,-0.8599,4.54,586400,18,6.020593519,0.003093414,0.00022683,17002,10085,1.990001176,"(4.2, 10.0]",0.019518195,2939718,9165758,19410,62624,43214
2015/7/13,1.0621,3.9299,-0.4942,2.39,643500,20,6.460666854,0.003592459,0.000500817,10460,4391,1.882600382,"(1.4, 4.2]",0.022065731,279510,1280449,10969,40651,29682
2015/7/14,-0.3026,1.6383,-2.8921,-1.16,670600,17,5.723349183,0.003857562,0.000590591,9212,3743,1.871689101,"(-1.4, 0.0]",0.027858391,547072,1843570,9831,35399,25568
2015/7/15,-1.2618,-0.2603,-4.6691,-3.03,601300,1,1,0,2,9666,2,1.887647424,"(-4.2, -1.4]",0.649122638,559344,1845980,10335,34563,24228
2015/7/16,-1.2402,1.8869,-3.0812,0.46,492300,2,1.894736842,0,0.111111111,10956,19,1.887185104,"(0.0, 1.4]",0.475215139,1319712,2134047,11403,33888,22485
2015/7/17,0.2157,4.4806,-0.2362,3.51,481700,16,6.15919207,0.001730641,0.000718953,7622,3005,1.845709787,"(1.4, 4.2]",0.050892403,445332,866816,7710,25369,17659
2015/7/20,-0.2257,1.6166,-0.7639,0.88,539100,1,1,0,1,7219,2,1.867294639,"(0.0, 1.4]",0.5,360472,1048384,7435,27885,20450
2015/7/21,-1.3079,1.2452,-1.9866,0.64,504300,15,7.040107926,0.001075944,0.000842516,5944,2542,1.797442799,"(0.0, 1.4]",0.026505773,94612,307465,6136,26559,20423
2015/7/22,-0.5289,0.6139,-1.414,0.21,520700,2,1.875,0,0.133333333,5679,16,1.799260433,"(0.0, 1.4]",0.478257771,82592,293693,5834,26387,20553
2015/7/23,-0.0938,2.6469,-0.174,2.43,563600,2,1.904761905,0,0.1,5223,21,1.762205629,"(1.4, 4.2]",0.473688031,26600,115421,5352,25289,19937
2015/7/24,0.0202,1.4677,-1.9179,-1.29,627400,2,1.894736842,0,0.111111111,6015,19,1.841064007,"(-1.4, 0.0]",0.475215139,54480,174711,7219,25857,18638
2015/7/27,-2.0963,-0.4851,-8.609,-8.48,556000,18,6.482873956,0.00338734,0.000445,9833,4966,1.922912641,"(-10.0, -4.2]",0.015638087,294996,1325570,11306,36594,25288
2015/7/28,-4.0911,0.9923,-5.0516,-1.68,563300,18,5.621557195,0.003527736,0.000337482,10522,6654,1.979851739,"(-4.2, -1.4]",0.032268077,2311686,6563114,11856,37180,25324
2015/7/29,0.7323,3.5236,-1.3906,3.44,434400,2,1.925925926,0,0.074074074,8543,27,1.899566897,"(1.4, 4.2]",0.4624682,1186768,2297612,9092,31094,22002
2015/7/30,-0.4059,1.4569,-2.7239,-2.2,457900,20,7.038772494,0.002989221,0.00059882,7207,3578,1.831552657,"(-4.2, -1.4]",0.02691866,134420,604359,7344,28436,21092
2015/7/31,-1.3519,0.6408,-2.3099,-1.13,351000,19,7.061528242,0.002997684,0.000547085,7603,3918,1.846639484,"(-1.4, 0.0]",0.022786989,221064,723533,8041,26839,18798
2015/8/3,-1.3302,-0.4035,-3.1179,-1.11,364000,1,1,0,1,6519,2,1.903973002,"(-1.4, 0.0]",0.5,190877,584802,8003,27344,19341
2015/8/4,-0.029,3.7021,-0.5966,3.69,362900,20,5.731829519,0.002394526,0.000799034,5517,2677,1.830342577,"(1.4, 4.2]",0.051338376,359775,769059,6122,32604,26482
2015/8/5,-0.2901,0.687,-2.1337,-1.65,366400,18,7.198493358,0.002975358,0.000710589,5593,2951,1.826211336,"(-4.2, -1.4]",0.086899352,64848,260898,6132,43134,37002
2015/8/6,-1.8695,0.433,-2.1608,-0.89,274100,18,6.822475691,0.005040808,0.000810889,5432,2662,1.851620029,"(-1.4, 0.0]",0.028146672,170702,397524,6110,43094,36984
2015/8/7,0.8487,2.6,0.6762,2.26,340800,16,6.140910667,0.001977554,0.000824859,5935,2620,1.856107835,"(1.4, 4.2]",0.022245465,158730,555513,6490,44030,37540
2015/8/10,1.1171,5.3261,0.8453,4.92,497300,2,1.5,0,0.666666667,7363,4,1.594187152,"(4.2, 10.0]",0.541985357,120652,240198,6950,45070,38120
2015/8/11,0.01,1.0671,-0.9479,-0.01,538900,1,1,0,1,7900,2,1.616455696,"(-1.4, 0.0]",0.5,186558,434726,7256,45091,37835
